Order_ID,Date,Region,Product,Category,Salesperson,Customer_ID,Customer_Type,Marketing_Channel,Supplier,Units_Sold,Discount_Percent,Inventory_Level,Delivery_Time_Days,Customer_Rating,Unit_Price,Unit_Cost,Gross_Sales,Discount_Amount,Net_Sales,Total_Cost,Profit,Profit_Margin
ORD-1379,2025-01-01,Sylhet,Tablet,Electronics,Rahim,CUST-605,Corporate,Direct Sales,Supplier B,32,0.19,67,12,2.8,46097,32059,1475104,280270,1194834,1025888,168946,0.141
ORD-1070,2025-01-01,Rajshahi,Printer,Office Equipment,Nila,CUST-197,Retail,Email,Supplier B,17,0.07,147,2,3.5,25297,16903,430049,30103,399946,287351,112595,0.282
ORD-1317,2025-01-02,Sylhet,Printer,Office Equipment,Sadia,CUST-128,Retail,Facebook,Supplier A,23,0.13,22,11,3.4,22765,17717,523595,68067,455528,407491,48037,0.105
ORD-1300,2025-01-02,Chittagong,Mobile,Electronics,Sadia,CUST-732,Corporate,Email,Supplier D,22,0.12,296,10,4.1,55764,33787,1226808,147217,1079591,743314,336277,0.311
ORD-1011,2025-01-04,Khulna,Monitor,Electronics,Tania,CUST-180,Retail,Email,Supplier B,20,0.03,39,3,2.8,34342,24428,686840,20605,666235,488560,177675,0.267
ORD-1275,2025-01-04,Sylhet,Mobile,Electronics,Sadia,CUST-136,Retail,Email,Supplier D,3,0.0,146,12,4.5,33657,22095,100971,0,100971,66285,34686,0.344
ORD-1318,2025-01-04,Khulna,Printer,Office Equipment,Rahim,CUST-537,Corporate,Dealer,Supplier D,25,0.0,208,12,2.6,26183,16432,654575,0,654575,410800,243775,0.372
ORD-1449,2025-01-05,Khulna,Printer,Office Equipment,Karim,CUST-428,Retail,Online,Supplier D,33,0.17,233,2,3.8,38499,21759,1270467,215979,1054488,718047,336441,0.319
ORD-1169,2025-01-07,Sylhet,Office Chair,Furniture,Rahim,CUST-881,Corporate,Email,Supplier A,28,0.19,71,3,3.7,16764,12351,469392,89184,380208,345828,34380,0.09
ORD-1083,2025-01-07,Rajshahi,Monitor,Electronics,Tania,CUST-711,Wholesale,Facebook,Supplier B,8,0.14,236,3,2.7,19141,11910,153128,21438,131690,95280,36410,0.276
ORD-1167,2025-01-07,Dhaka,Printer,Office Equipment,Tania,CUST-813,Wholesale,Email,Supplier C,16,0.13,204,3,4.0,41212,25171,659392,85721,573671,402736,170935,0.298
ORD-1121,2025-01-09,Chittagong,Monitor,Electronics,Karim,CUST-117,Corporate,Email,Supplier D,15,0.04,97,8,4.6,13164,9397,197460,7898,189562,140955,48607,0.256
ORD-1024,2025-01-09,Rajshahi,Printer,Office Equipment,Karim,CUST-553,Retail,Email,Supplier A,6,0.1,178,7,3.9,39862,29895,239172,23917,215255,179370,35885,0.167
ORD-1241,2025-01-10,Khulna,Printer,Office Equipment,Karim,CUST-977,Wholesale,Email,Supplier B,22,0.11,165,9,2.6,21716,14811,477752,52553,425199,325842,99357,0.234
ORD-1408,2025-01-11,Sylhet,Mobile,Electronics,Sadia,CUST-311,Retail,Email,Supplier A,31,0.1,167,14,3.8,39281,30109,1217711,121771,1095940,933379,162561,0.148
ORD-1087,2025-01-11,Rajshahi,Tablet,Electronics,Tania,CUST-137,Corporate,Direct Sales,Supplier C,39,0.01,51,13,4.4,32516,21490,1268124,12681,1255443,838110,417333,0.332
ORD-1333,2025-01-12,Khulna,Tablet,Electronics,Sadia,CUST-694,Retail,Facebook,Supplier C,23,0.02,72,6,3.0,48565,35159,1116995,22340,1094655,808657,285998,0.261
ORD-1327,2025-01-15,Sylhet,Mobile,Electronics,Sadia,CUST-532,Corporate,Direct Sales,Supplier C,19,0.07,30,14,3.6,55835,31352,1060865,74261,986604,595688,390916,0.396
ORD-1331,2025-01-15,Rajshahi,Office Chair,Furniture,Rahim,CUST-762,Corporate,Direct Sales,Supplier D,22,0.19,49,7,3.7,6627,5171,145794,27701,118093,113762,4331,0.037
ORD-1282,2025-01-15,Chittagong,Tablet,Electronics,Tania,CUST-756,Retail,Email,Supplier D,36,0.02,100,2,3.8,29773,19937,1071828,21437,1050391,717732,332659,0.317
ORD-1094,2025-01-16,Sylhet,Mobile,Electronics,Karim,CUST-129,Corporate,Dealer,Supplier A,31,0.18,56,10,3.8,65983,37751,2045473,368185,1677288,1170281,507007,0.302
ORD-1323,2025-01-16,Chittagong,Laptop,Electronics,Karim,CUST-967,Retail,Dealer,Supplier C,24,0.01,62,6,3.6,129805,82029,3115320,31153,3084167,1968696,1115471,0.362
ORD-1484,2025-01-17,Sylhet,Laptop,Electronics,Rahim,CUST-275,Retail,Online,Supplier C,12,0.0,92,1,4.9,124766,68640,1497192,0,1497192,823680,673512,0.45
ORD-1372,2025-01-17,Chittagong,Monitor,Electronics,Tania,CUST-376,Corporate,Direct Sales,Supplier D,1,0.0,41,13,2.8,41998,24582,41998,0,41998,24582,17416,0.415
ORD-1304,2025-01-18,Rajshahi,Desk,Furniture,Karim,CUST-172,Retail,Email,Supplier C,26,0.14,217,10,3.9,15418,8908,400868,56122,344746,231608,113138,0.328
ORD-1354,2025-01-18,Khulna,Mobile,Electronics,Nila,CUST-564,Wholesale,Facebook,Supplier B,20,0.08,197,7,3.7,76197,45206,1523940,121915,1402025,904120,497905,0.355
ORD-1075,2025-01-19,Dhaka,Tablet,Electronics,Rahim,CUST-680,Retail,Online,Supplier D,1,0.14,286,4,3.4,33963,19846,33963,4755,29208,19846,9362,0.321
ORD-1079,2025-01-20,Dhaka,Office Chair,Furniture,Tania,CUST-834,Corporate,Email,Supplier B,11,0.02,20,10,2.7,8027,5927,88297,1766,86531,65197,21334,0.247
ORD-1223,2025-01-20,Rajshahi,Mobile,Electronics,Sadia,CUST-421,Corporate,Online,Supplier B,5,0.11,235,13,4.0,77582,53587,387910,42670,345240,267935,77305,0.224
ORD-1181,2025-01-21,Sylhet,Desk,Furniture,Karim,CUST-607,Retail,Direct Sales,Supplier B,26,0.14,191,8,4.5,23480,14212,610480,85467,525013,369512,155501,0.296
ORD-1180,2025-01-22,Sylhet,Tablet,Electronics,Rahim,CUST-334,Retail,Facebook,Supplier C,33,0.01,155,8,4.1,24194,15821,798402,7984,790418,522093,268325,0.339
ORD-1413,2025-01-22,Chittagong,Tablet,Electronics,Nila,CUST-997,Retail,Facebook,Supplier A,35,0.07,148,14,3.9,26697,19256,934395,65408,868987,673960,195027,0.224
ORD-1192,2025-01-23,Chittagong,Office Chair,Furniture,Tania,CUST-563,Retail,Dealer,Supplier A,36,0.19,35,4,3.2,10745,7190,386820,73496,313324,258840,54484,0.174
ORD-1308,2025-01-23,Dhaka,Office Chair,Furniture,Rahim,CUST-449,Corporate,Dealer,Supplier C,20,0.05,43,13,3.7,19186,14294,383720,19186,364534,285880,78654,0.216
ORD-1158,2025-01-23,Sylhet,Mobile,Electronics,Rahim,CUST-217,Corporate,Dealer,Supplier D,22,0.08,85,4,4.6,21862,13673,480964,38477,442487,300806,141681,0.32
ORD-1312,2025-01-23,Khulna,Mobile,Electronics,Nila,CUST-191,Retail,Online,Supplier C,39,0.05,210,7,2.9,32485,19587,1266915,63346,1203569,763893,439676,0.365
ORD-1196,2025-01-24,Chittagong,Mobile,Electronics,Nila,CUST-588,Wholesale,Email,Supplier C,28,0.19,102,6,3.7,31565,23848,883820,167926,715894,667744,48150,0.067
ORD-1074,2025-01-24,Rajshahi,Monitor,Electronics,Sadia,CUST-927,Wholesale,Facebook,Supplier D,4,0.1,188,1,3.6,31193,21594,124772,12477,112295,86376,25919,0.231
ORD-1448,2025-01-24,Rajshahi,Laptop,Electronics,Tania,CUST-970,Retail,Direct Sales,Supplier C,29,0.05,153,6,4.4,122481,69220,3551949,177597,3374352,2007380,1366972,0.405
ORD-1349,2025-01-25,Khulna,Mobile,Electronics,Sadia,CUST-153,Retail,Online,Supplier A,30,0.05,32,6,3.8,18399,11867,551970,27598,524372,356010,168362,0.321
ORD-1057,2025-01-25,Chittagong,Laptop,Electronics,Tania,CUST-456,Wholesale,Email,Supplier C,12,0.18,125,1,4.9,131580,91673,1578960,284213,1294747,1100076,194671,0.15
ORD-1326,2025-01-27,Khulna,Printer,Office Equipment,Sadia,CUST-617,Corporate,Email,Supplier B,22,0.02,114,1,3.9,37091,21559,816002,16320,799682,474298,325384,0.407
ORD-1106,2025-01-27,Rajshahi,Monitor,Electronics,Tania,CUST-509,Wholesale,Email,Supplier B,38,0.17,254,1,3.1,27075,21453,1028850,174904,853946,815214,38732,0.045
ORD-1435,2025-01-28,Chittagong,Tablet,Electronics,Tania,CUST-810,Corporate,Email,Supplier A,27,0.17,213,2,4.1,34064,23415,919728,156354,763374,632205,131169,0.172
ORD-1264,2025-01-28,Dhaka,Monitor,Electronics,Sadia,CUST-629,Corporate,Email,Supplier C,36,0.08,140,14,3.4,43428,28586,1563408,125073,1438335,1029096,409239,0.285
ORD-1426,2025-01-29,Chittagong,Laptop,Electronics,Nila,CUST-682,Retail,Dealer,Supplier A,22,0.13,276,10,3.6,144042,99253,3168924,411960,2756964,2183566,573398,0.208
ORD-1406,2025-01-30,Rajshahi,Desk,Furniture,Karim,CUST-992,Corporate,Online,Supplier C,9,0.06,122,3,4.2,28992,18083,260928,15656,245272,162747,82525,0.336
ORD-1306,2025-01-30,Chittagong,Tablet,Electronics,Karim,CUST-242,Corporate,Direct Sales,Supplier C,39,0.09,264,10,2.6,37895,27344,1477905,133011,1344894,1066416,278478,0.207
ORD-1056,2025-01-30,Dhaka,Desk,Furniture,Sadia,CUST-192,Retail,Direct Sales,Supplier B,5,0.06,255,9,3.4,13164,9150,65820,3949,61871,45750,16121,0.261
ORD-1480,2025-01-31,Dhaka,Monitor,Electronics,Nila,CUST-696,Retail,Direct Sales,Supplier D,14,0.08,114,3,4.6,30090,22635,421260,33701,387559,316890,70669,0.182
ORD-1072,2025-01-31,Rajshahi,Printer,Office Equipment,Nila,CUST-107,Retail,Facebook,Supplier D,24,0.01,153,8,2.9,32149,20540,771576,7716,763860,492960,270900,0.355
ORD-1163,2025-02-02,Khulna,Office Chair,Furniture,Sadia,CUST-733,Corporate,Facebook,Supplier D,14,0.12,253,5,3.3,17382,13073,243348,29202,214146,183022,31124,0.145
ORD-1005,2025-02-02,Khulna,Office Chair,Furniture,Tania,CUST-936,Retail,Dealer,Supplier D,31,0.14,20,3,3.6,5754,4331,178374,24972,153402,134261,19141,0.125
ORD-1062,2025-02-02,Chittagong,Printer,Office Equipment,Sadia,CUST-739,Retail,Direct Sales,Supplier C,5,0.11,123,7,4.5,15890,8817,79450,8740,70710,44085,26625,0.377
ORD-1472,2025-02-02,Rajshahi,Desk,Furniture,Nila,CUST-356,Corporate,Direct Sales,Supplier A,20,0.18,82,6,4.9,11208,7842,224160,40349,183811,156840,26971,0.147
ORD-1377,2025-02-02,Rajshahi,Desk,Furniture,Sadia,CUST-476,Retail,Email,Supplier C,6,0.13,157,6,2.6,19328,14055,115968,15076,100892,84330,16562,0.164
ORD-1245,2025-02-03,Rajshahi,Printer,Office Equipment,Rahim,CUST-350,Corporate,Direct Sales,Supplier C,11,0.16,264,10,4.3,30327,23490,333597,53376,280221,258390,21831,0.078
ORD-1099,2025-02-03,Chittagong,Laptop,Electronics,Nila,CUST-638,Corporate,Online,Supplier C,35,0.01,290,6,3.6,81480,61256,2851800,28518,2823282,2143960,679322,0.241
ORD-1190,2025-02-04,Khulna,Tablet,Electronics,Karim,CUST-849,Corporate,Online,Supplier D,9,0.08,124,6,4.9,22512,12638,202608,16209,186399,113742,72657,0.39
ORD-1404,2025-02-06,Chittagong,Desk,Furniture,Sadia,CUST-588,Corporate,Facebook,Supplier C,8,0.07,277,12,2.8,10117,6813,80936,5666,75270,54504,20766,0.276
ORD-1058,2025-02-08,Rajshahi,Monitor,Electronics,Tania,CUST-992,Wholesale,Facebook,Supplier A,33,0.07,139,7,4.2,42419,24321,1399827,97988,1301839,802593,499246,0.383
ORD-1217,2025-02-08,Rajshahi,Mobile,Electronics,Nila,CUST-251,Retail,Direct Sales,Supplier C,33,0.03,290,8,3.1,23815,17632,785895,23577,762318,581856,180462,0.237
ORD-1367,2025-02-09,Khulna,Desk,Furniture,Nila,CUST-783,Wholesale,Email,Supplier C,31,0.1,232,9,2.8,17719,10331,549289,54929,494360,320261,174099,0.352
ORD-1461,2025-02-09,Sylhet,Printer,Office Equipment,Sadia,CUST-411,Retail,Facebook,Supplier C,11,0.18,79,5,3.8,36877,29402,405647,73016,332631,323422,9209,0.028
ORD-1492,2025-02-09,Chittagong,Office Chair,Furniture,Karim,CUST-326,Retail,Dealer,Supplier C,29,0.15,142,9,3.3,19094,11341,553726,83059,470667,328889,141778,0.301
ORD-1288,2025-02-09,Sylhet,Monitor,Electronics,Sadia,CUST-808,Retail,Direct Sales,Supplier B,12,0.08,217,12,2.9,35729,25836,428748,34300,394448,310032,84416,0.214
ORD-1313,2025-02-09,Khulna,Office Chair,Furniture,Sadia,CUST-957,Retail,Online,Supplier C,6,0.05,224,6,4.1,5258,3495,31548,1577,29971,20970,9001,0.3
ORD-1209,2025-02-10,Khulna,Desk,Furniture,Sadia,CUST-553,Wholesale,Facebook,Supplier C,5,0.16,91,10,3.6,21473,16018,107365,17178,90187,80090,10097,0.112
ORD-1494,2025-02-11,Rajshahi,Laptop,Electronics,Sadia,CUST-470,Wholesale,Facebook,Supplier C,25,0.04,62,13,4.0,90828,63109,2270700,90828,2179872,1577725,602147,0.276
ORD-1092,2025-02-12,Khulna,Tablet,Electronics,Sadia,CUST-277,Retail,Facebook,Supplier C,33,0.17,222,3,4.8,21862,14729,721446,122646,598800,486057,112743,0.188
ORD-1112,2025-02-15,Rajshahi,Monitor,Electronics,Karim,CUST-600,Retail,Dealer,Supplier C,20,0.18,278,14,2.9,31879,18150,637580,114764,522816,363000,159816,0.306
ORD-1239,2025-02-16,Dhaka,Monitor,Electronics,Tania,CUST-795,Retail,Email,Supplier B,2,0.16,127,9,2.7,20127,15515,40254,6441,33813,31030,2783,0.082
ORD-1309,2025-02-17,Sylhet,Office Chair,Furniture,Tania,CUST-620,Retail,Dealer,Supplier A,35,0.2,219,10,2.6,5781,3330,202335,40467,161868,116550,45318,0.28
ORD-1150,2025-02-17,Rajshahi,Desk,Furniture,Sadia,CUST-137,Retail,Email,Supplier B,22,0.02,143,13,4.0,29283,17835,644226,12885,631341,392370,238971,0.379
ORD-1465,2025-02-18,Khulna,Laptop,Electronics,Sadia,CUST-104,Corporate,Direct Sales,Supplier A,4,0.19,127,13,4.2,81691,45958,326764,62085,264679,183832,80847,0.305
ORD-1481,2025-02-19,Rajshahi,Desk,Furniture,Nila,CUST-157,Wholesale,Online,Supplier B,17,0.16,282,5,3.8,28750,17189,488750,78200,410550,292213,118337,0.288
ORD-1443,2025-02-19,Sylhet,Printer,Office Equipment,Sadia,CUST-292,Retail,Online,Supplier C,8,0.09,31,12,4.2,17643,10506,141144,12703,128441,84048,44393,0.346
ORD-1098,2025-02-19,Dhaka,Mobile,Electronics,Tania,CUST-604,Retail,Facebook,Supplier A,34,0.03,144,4,3.4,35001,24247,1190034,35701,1154333,824398,329935,0.286
ORD-1023,2025-02-19,Dhaka,Monitor,Electronics,Nila,CUST-149,Retail,Online,Supplier A,19,0.0,269,13,4.6,14113,9420,268147,0,268147,178980,89167,0.333
ORD-1498,2025-02-22,Sylhet,Printer,Office Equipment,Nila,CUST-431,Corporate,Facebook,Supplier D,17,0.16,31,2,4.4,36300,23333,617100,98736,518364,396661,121703,0.235
ORD-1384,2025-02-23,Khulna,Printer,Office Equipment,Rahim,CUST-501,Retail,Online,Supplier A,20,0.19,286,13,3.1,29918,18684,598360,113688,484672,373680,110992,0.229
ORD-1416,2025-02-24,Khulna,Tablet,Electronics,Karim,CUST-150,Retail,Email,Supplier D,31,0.19,299,3,4.8,59525,45112,1845275,350602,1494673,1398472,96201,0.064
ORD-1427,2025-02-25,Dhaka,Printer,Office Equipment,Karim,CUST-366,Retail,Direct Sales,Supplier D,18,0.02,133,3,4.4,25443,20266,457974,9159,448815,364788,84027,0.187
ORD-1355,2025-02-26,Khulna,Tablet,Electronics,Tania,CUST-427,Retail,Direct Sales,Supplier D,3,0.07,183,3,3.5,48153,34824,144459,10112,134347,104472,29875,0.222
ORD-1464,2025-02-28,Khulna,Desk,Furniture,Sadia,CUST-171,Retail,Online,Supplier D,36,0.0,251,2,3.9,17044,10060,613584,0,613584,362160,251424,0.41
ORD-1341,2025-03-01,Dhaka,Tablet,Electronics,Karim,CUST-837,Corporate,Online,Supplier D,4,0.14,200,8,3.5,34630,20393,138520,19393,119127,81572,37555,0.315
ORD-1339,2025-03-01,Rajshahi,Tablet,Electronics,Tania,CUST-925,Retail,Online,Supplier D,1,0.13,58,13,2.8,40693,22665,40693,5290,35403,22665,12738,0.36
ORD-1076,2025-03-02,Sylhet,Laptop,Electronics,Tania,CUST-202,Retail,Direct Sales,Supplier D,29,0.01,103,5,4.9,143911,96004,4173419,41734,4131685,2784116,1347569,0.326
ORD-1132,2025-03-02,Sylhet,Monitor,Electronics,Karim,CUST-176,Retail,Facebook,Supplier B,34,0.08,94,5,3.7,17097,10101,581298,46504,534794,343434,191360,0.358
ORD-1037,2025-03-03,Chittagong,Desk,Furniture,Nila,CUST-720,Retail,Dealer,Supplier C,28,0.11,194,12,3.8,20427,14997,571956,62915,509041,419916,89125,0.175
ORD-1277,2025-03-05,Dhaka,Mobile,Electronics,Sadia,CUST-522,Corporate,Dealer,Supplier A,17,0.13,242,2,5.0,67034,40403,1139578,148145,991433,686851,304582,0.307
ORD-1314,2025-03-05,Sylhet,Desk,Furniture,Nila,CUST-786,Corporate,Online,Supplier A,2,0.06,225,2,3.6,11180,7028,22360,1342,21018,14056,6962,0.331
ORD-1103,2025-03-05,Dhaka,Printer,Office Equipment,Nila,CUST-801,Wholesale,Email,Supplier B,28,0.03,185,7,2.9,21063,12721,589764,17693,572071,356188,215883,0.377
ORD-1235,2025-03-06,Rajshahi,Tablet,Electronics,Tania,CUST-414,Corporate,Email,Supplier C,24,0.06,30,6,3.6,32773,24069,786552,47193,739359,577656,161703,0.219
ORD-1429,2025-03-08,Chittagong,Desk,Furniture,Tania,CUST-346,Retail,Online,Supplier A,28,0.03,146,12,3.0,8091,6099,226548,6796,219752,170772,48980,0.223
ORD-1146,2025-03-08,Sylhet,Desk,Furniture,Tania,CUST-840,Retail,Facebook,Supplier C,10,0.04,127,5,3.1,13210,7751,132100,5284,126816,77510,49306,0.389
ORD-1336,2025-03-11,Chittagong,Desk,Furniture,Nila,CUST-114,Retail,Online,Supplier D,10,0.19,60,14,3.4,20651,13889,206510,39237,167273,138890,28383,0.17
ORD-1166,2025-03-11,Dhaka,Laptop,Electronics,Rahim,CUST-154,Corporate,Direct Sales,Supplier A,8,0.09,79,3,3.3,89918,53927,719344,64741,654603,431416,223187,0.341
ORD-1334,2025-03-12,Chittagong,Desk,Furniture,Sadia,CUST-424,Corporate,Email,Supplier B,38,0.1,286,4,2.8,24423,17163,928074,92807,835267,652194,183073,0.219
ORD-1315,2025-03-13,Sylhet,Laptop,Electronics,Tania,CUST-574,Corporate,Online,Supplier C,12,0.11,299,3,3.3,99896,78288,1198752,131863,1066889,939456,127433,0.119
ORD-1029,2025-03-13,Sylhet,Office Chair,Furniture,Karim,CUST-646,Corporate,Facebook,Supplier B,12,0.05,259,9,3.0,7580,5286,90960,4548,86412,63432,22980,0.266
ORD-1031,2025-03-13,Khulna,Monitor,Electronics,Tania,CUST-815,Wholesale,Dealer,Supplier B,6,0.14,291,11,3.5,20777,13933,124662,17453,107209,83598,23611,0.22
ORD-1089,2025-03-13,Chittagong,Laptop,Electronics,Karim,CUST-996,Retail,Email,Supplier A,37,0.14,277,5,2.7,116868,92661,4324116,605376,3718740,3428457,290283,0.078
ORD-1085,2025-03-13,Rajshahi,Desk,Furniture,Karim,CUST-375,Retail,Facebook,Supplier A,39,0.17,45,11,3.5,24668,16541,962052,163549,798503,645099,153404,0.192
ORD-1069,2025-03-14,Dhaka,Office Chair,Furniture,Nila,CUST-674,Retail,Facebook,Supplier A,10,0.18,286,5,3.9,14630,8269,146300,26334,119966,82690,37276,0.311
ORD-1342,2025-03-16,Dhaka,Tablet,Electronics,Rahim,CUST-600,Retail,Online,Supplier A,33,0.01,98,8,3.6,35645,25918,1176285,11763,1164522,855294,309228,0.266
ORD-1362,2025-03-17,Khulna,Monitor,Electronics,Rahim,CUST-663,Retail,Email,Supplier D,32,0.06,233,14,3.6,34472,19448,1103104,66186,1036918,622336,414582,0.4
ORD-1009,2025-03-18,Chittagong,Monitor,Electronics,Sadia,CUST-634,Retail,Dealer,Supplier C,37,0.18,61,1,4.2,38693,30137,1431641,257695,1173946,1115069,58877,0.05
ORD-1316,2025-03-19,Dhaka,Desk,Furniture,Sadia,CUST-623,Corporate,Dealer,Supplier A,13,0.12,213,3,2.9,17396,11702,226148,27138,199010,152126,46884,0.236
ORD-1380,2025-03-20,Chittagong,Desk,Furniture,Tania,CUST-529,Wholesale,Online,Supplier B,25,0.01,133,8,3.1,22311,15407,557775,5578,552197,385175,167022,0.302
ORD-1375,2025-03-21,Khulna,Mobile,Electronics,Sadia,CUST-602,Retail,Dealer,Supplier A,10,0.19,226,1,3.2,69734,44890,697340,132495,564845,448900,115945,0.205
ORD-1165,2025-03-22,Sylhet,Printer,Office Equipment,Karim,CUST-110,Wholesale,Direct Sales,Supplier C,29,0.09,100,4,4.0,38743,27201,1123547,101119,1022428,788829,233599,0.228
ORD-1032,2025-03-23,Dhaka,Tablet,Electronics,Sadia,CUST-839,Corporate,Direct Sales,Supplier C,14,0.09,45,13,4.4,45964,28128,643496,57915,585581,393792,191789,0.328
ORD-1361,2025-03-24,Khulna,Desk,Furniture,Nila,CUST-679,Corporate,Direct Sales,Supplier C,27,0.03,293,6,3.7,9925,6855,267975,8039,259936,185085,74851,0.288
ORD-1236,2025-03-24,Dhaka,Tablet,Electronics,Karim,CUST-273,Wholesale,Email,Supplier C,21,0.05,295,10,3.4,31904,18803,669984,33499,636485,394863,241622,0.38
ORD-1386,2025-03-25,Khulna,Printer,Office Equipment,Nila,CUST-243,Corporate,Facebook,Supplier B,32,0.07,278,8,4.1,17032,13544,545024,38152,506872,433408,73464,0.145
ORD-1143,2025-03-26,Khulna,Monitor,Electronics,Tania,CUST-510,Wholesale,Dealer,Supplier A,33,0.02,70,8,2.9,26896,21224,887568,17751,869817,700392,169425,0.195
ORD-1353,2025-03-29,Sylhet,Desk,Furniture,Sadia,CUST-271,Corporate,Online,Supplier B,31,0.15,45,12,4.2,27888,19210,864528,129679,734849,595510,139339,0.19
ORD-1366,2025-04-02,Chittagong,Monitor,Electronics,Sadia,CUST-885,Retail,Email,Supplier C,18,0.18,107,12,3.3,29714,17604,534852,96273,438579,316872,121707,0.278
ORD-1228,2025-04-04,Chittagong,Tablet,Electronics,Nila,CUST-561,Wholesale,Online,Supplier C,9,0.1,210,13,4.7,38708,26600,348372,34837,313535,239400,74135,0.236
ORD-1149,2025-04-04,Dhaka,Monitor,Electronics,Rahim,CUST-790,Corporate,Email,Supplier C,25,0.05,33,13,2.6,15059,9833,376475,18824,357651,245825,111826,0.313
ORD-1086,2025-04-04,Sylhet,Mobile,Electronics,Karim,CUST-591,Retail,Email,Supplier C,14,0.17,100,9,3.2,64087,40846,897218,152527,744691,571844,172847,0.232
ORD-1128,2025-04-05,Rajshahi,Mobile,Electronics,Karim,CUST-844,Wholesale,Facebook,Supplier A,4,0.2,209,2,2.9,74499,48938,297996,59599,238397,195752,42645,0.179
ORD-1280,2025-04-05,Khulna,Tablet,Electronics,Tania,CUST-558,Retail,Email,Supplier C,18,0.13,204,3,3.0,31864,24269,573552,74562,498990,436842,62148,0.125
ORD-1479,2025-04-11,Chittagong,Printer,Office Equipment,Nila,CUST-752,Retail,Email,Supplier A,13,0.02,48,5,2.7,15421,9277,200473,4009,196464,120601,75863,0.386
ORD-1395,2025-04-11,Dhaka,Desk,Furniture,Karim,CUST-222,Retail,Email,Supplier D,31,0.2,284,14,4.0,15130,9260,469030,93806,375224,287060,88164,0.235
ORD-1289,2025-04-12,Dhaka,Monitor,Electronics,Rahim,CUST-301,Retail,Direct Sales,Supplier C,18,0.1,280,11,4.5,33505,24108,603090,60309,542781,433944,108837,0.201
ORD-1135,2025-04-12,Sylhet,Mobile,Electronics,Sadia,CUST-488,Retail,Facebook,Supplier D,31,0.17,236,1,4.8,40936,30176,1269016,215733,1053283,935456,117827,0.112
ORD-1452,2025-04-13,Khulna,Monitor,Electronics,Sadia,CUST-753,Retail,Online,Supplier D,5,0.06,132,2,3.9,21349,13949,106745,6405,100340,69745,30595,0.305
ORD-1030,2025-04-16,Rajshahi,Mobile,Electronics,Karim,CUST-723,Retail,Facebook,Supplier D,25,0.08,132,14,4.2,47173,29156,1179325,94346,1084979,728900,356079,0.328
ORD-1351,2025-04-18,Khulna,Printer,Office Equipment,Tania,CUST-581,Retail,Direct Sales,Supplier D,11,0.06,169,11,3.5,25359,18739,278949,16737,262212,206129,56083,0.214
ORD-1307,2025-04-18,Dhaka,Office Chair,Furniture,Karim,CUST-890,Corporate,Online,Supplier D,33,0.08,45,6,4.3,9546,6994,315018,25201,289817,230802,59015,0.204
ORD-1473,2025-04-18,Rajshahi,Monitor,Electronics,Sadia,CUST-502,Retail,Email,Supplier B,31,0.16,137,1,4.2,17051,12163,528581,84573,444008,377053,66955,0.151
ORD-1437,2025-04-19,Sylhet,Desk,Furniture,Sadia,CUST-725,Retail,Direct Sales,Supplier A,27,0.05,114,2,3.9,24107,18328,650889,32544,618345,494856,123489,0.2
ORD-1274,2025-04-20,Dhaka,Desk,Furniture,Karim,CUST-348,Corporate,Online,Supplier C,33,0.04,144,13,3.1,25244,17939,833052,33322,799730,591987,207743,0.26
ORD-1224,2025-04-21,Sylhet,Mobile,Electronics,Sadia,CUST-872,Corporate,Facebook,Supplier C,29,0.14,90,3,4.7,17482,11864,506978,70977,436001,344056,91945,0.211
ORD-1077,2025-04-22,Sylhet,Printer,Office Equipment,Rahim,CUST-730,Retail,Online,Supplier A,14,0.17,89,1,3.5,34885,23771,488390,83026,405364,332794,72570,0.179
ORD-1065,2025-04-22,Sylhet,Office Chair,Furniture,Tania,CUST-828,Corporate,Direct Sales,Supplier A,36,0.2,188,12,4.7,11867,9100,427212,85442,341770,327600,14170,0.041
ORD-1337,2025-04-22,Chittagong,Laptop,Electronics,Nila,CUST-610,Wholesale,Direct Sales,Supplier C,19,0.18,156,4,2.7,117146,79515,2225774,400639,1825135,1510785,314350,0.172
ORD-1173,2025-04-24,Dhaka,Laptop,Electronics,Tania,CUST-735,Retail,Dealer,Supplier C,26,0.07,88,3,4.2,72370,41216,1881620,131713,1749907,1071616,678291,0.388
ORD-1068,2025-04-24,Sylhet,Desk,Furniture,Sadia,CUST-394,Retail,Dealer,Supplier C,27,0.14,259,4,2.7,28992,20497,782784,109590,673194,553419,119775,0.178
ORD-1296,2025-04-24,Dhaka,Printer,Office Equipment,Nila,CUST-719,Corporate,Email,Supplier D,35,0.15,27,2,3.5,18587,12726,650545,97582,552963,445410,107553,0.195
ORD-1028,2025-04-25,Dhaka,Laptop,Electronics,Karim,CUST-119,Corporate,Facebook,Supplier A,13,0.16,229,8,2.7,109814,77646,1427582,228413,1199169,1009398,189771,0.158
ORD-1064,2025-04-26,Khulna,Tablet,Electronics,Nila,CUST-376,Retail,Facebook,Supplier B,20,0.06,36,5,4.5,39927,28296,798540,47912,750628,565920,184708,0.246
ORD-1227,2025-04-26,Sylhet,Monitor,Electronics,Nila,CUST-958,Wholesale,Direct Sales,Supplier A,37,0.16,286,6,3.7,30672,17834,1134864,181578,953286,659858,293428,0.308
ORD-1080,2025-04-27,Rajshahi,Monitor,Electronics,Tania,CUST-377,Retail,Facebook,Supplier D,17,0.1,172,3,5.0,26693,15483,453781,45378,408403,263211,145192,0.356
ORD-1415,2025-04-28,Rajshahi,Office Chair,Furniture,Tania,CUST-330,Retail,Dealer,Supplier D,12,0.11,140,9,3.9,13060,8972,156720,17239,139481,107664,31817,0.228
ORD-1095,2025-04-29,Chittagong,Monitor,Electronics,Sadia,CUST-628,Wholesale,Direct Sales,Supplier C,7,0.13,87,14,4.9,42930,30242,300510,39066,261444,211694,49750,0.19
ORD-1229,2025-04-30,Khulna,Office Chair,Furniture,Tania,CUST-686,Retail,Online,Supplier D,8,0.05,174,10,2.7,17177,11168,137416,6871,130545,89344,41201,0.316
ORD-1170,2025-05-01,Dhaka,Office Chair,Furniture,Tania,CUST-564,Retail,Direct Sales,Supplier B,3,0.11,73,10,2.5,18568,12828,55704,6127,49577,38484,11093,0.224
ORD-1219,2025-05-02,Dhaka,Tablet,Electronics,Nila,CUST-365,Retail,Dealer,Supplier B,39,0.02,174,2,4.0,38669,23370,1508091,30162,1477929,911430,566499,0.383
ORD-1153,2025-05-03,Dhaka,Office Chair,Furniture,Karim,CUST-986,Corporate,Email,Supplier A,10,0.14,59,2,3.9,13160,9411,131600,18424,113176,94110,19066,0.168
ORD-1078,2025-05-04,Sylhet,Printer,Office Equipment,Karim,CUST-635,Wholesale,Email,Supplier C,24,0.12,160,8,2.9,32527,19150,780648,93678,686970,459600,227370,0.331
ORD-1411,2025-05-04,Khulna,Printer,Office Equipment,Nila,CUST-808,Retail,Direct Sales,Supplier A,6,0.07,286,11,2.6,41432,29750,248592,17401,231191,178500,52691,0.228
ORD-1262,2025-05-04,Chittagong,Office Chair,Furniture,Rahim,CUST-239,Retail,Online,Supplier C,37,0.15,253,11,2.7,11794,7543,436378,65457,370921,279091,91830,0.248
ORD-1200,2025-05-05,Sylhet,Mobile,Electronics,Rahim,CUST-930,Retail,Dealer,Supplier D,26,0.17,197,14,4.4,20990,13833,545740,92776,452964,359658,93306,0.206
ORD-1002,2025-05-06,Dhaka,Desk,Furniture,Karim,CUST-703,Wholesale,Online,Supplier B,25,0.12,274,11,3.0,25637,14116,640925,76911,564014,352900,211114,0.374
ORD-1082,2025-05-07,Rajshahi,Mobile,Electronics,Tania,CUST-417,Retail,Facebook,Supplier C,17,0.07,278,1,4.6,37461,26649,636837,44579,592258,453033,139225,0.235
ORD-1214,2025-05-07,Khulna,Tablet,Electronics,Rahim,CUST-965,Wholesale,Facebook,Supplier B,33,0.13,36,3,4.7,44343,24813,1463319,190231,1273088,818829,454259,0.357
ORD-1042,2025-05-07,Rajshahi,Office Chair,Furniture,Nila,CUST-449,Retail,Dealer,Supplier B,21,0.1,30,6,2.5,5406,4061,113526,11353,102173,85281,16892,0.165
ORD-1311,2025-05-07,Khulna,Monitor,Electronics,Sadia,CUST-733,Retail,Direct Sales,Supplier A,4,0.07,179,7,4.9,38703,27590,154812,10837,143975,110360,33615,0.233
ORD-1168,2025-05-08,Khulna,Desk,Furniture,Karim,CUST-500,Retail,Dealer,Supplier C,28,0.12,287,9,4.6,21674,12801,606872,72825,534047,358428,175619,0.329
ORD-1381,2025-05-08,Chittagong,Mobile,Electronics,Rahim,CUST-292,Retail,Facebook,Supplier A,2,0.1,88,10,2.7,44678,26605,89356,8936,80420,53210,27210,0.338
ORD-1276,2025-05-10,Khulna,Desk,Furniture,Sadia,CUST-297,Wholesale,Online,Supplier B,15,0.15,294,14,4.1,9279,6662,139185,20878,118307,99930,18377,0.155
ORD-1243,2025-05-13,Dhaka,Monitor,Electronics,Karim,CUST-561,Retail,Dealer,Supplier A,24,0.12,82,3,4.8,40425,23698,970200,116424,853776,568752,285024,0.334
ORD-1371,2025-05-14,Rajshahi,Mobile,Electronics,Rahim,CUST-420,Retail,Dealer,Supplier C,8,0.11,118,5,3.7,33631,21357,269048,29595,239453,170856,68597,0.286
ORD-1226,2025-05-14,Rajshahi,Monitor,Electronics,Sadia,CUST-707,Retail,Dealer,Supplier B,26,0.18,50,3,4.5,18148,10586,471848,84933,386915,275236,111679,0.289
ORD-1292,2025-05-14,Rajshahi,Monitor,Electronics,Sadia,CUST-570,Corporate,Facebook,Supplier C,31,0.01,238,11,3.4,14276,10068,442556,4426,438130,312108,126022,0.288
ORD-1154,2025-05-17,Rajshahi,Printer,Office Equipment,Tania,CUST-581,Retail,Online,Supplier C,3,0.2,35,4,2.8,49993,35392,149979,29996,119983,106176,13807,0.115
ORD-1174,2025-05-18,Dhaka,Laptop,Electronics,Tania,CUST-922,Corporate,Dealer,Supplier B,26,0.03,95,4,4.8,126722,82020,3294772,98843,3195929,2132520,1063409,0.333
ORD-1359,2025-05-20,Sylhet,Monitor,Electronics,Nila,CUST-171,Retail,Facebook,Supplier B,36,0.0,33,13,4.9,36107,25889,1299852,0,1299852,932004,367848,0.283
ORD-1034,2025-05-21,Dhaka,Tablet,Electronics,Nila,CUST-706,Corporate,Dealer,Supplier C,28,0.17,202,5,2.8,26573,18497,744044,126487,617557,517916,99641,0.161
ORD-1137,2025-05-22,Dhaka,Laptop,Electronics,Nila,CUST-879,Wholesale,Dealer,Supplier B,36,0.07,144,5,4.1,70055,48888,2521980,176539,2345441,1759968,585473,0.25
ORD-1117,2025-05-23,Khulna,Printer,Office Equipment,Karim,CUST-255,Corporate,Dealer,Supplier A,34,0.15,239,9,2.7,23000,13138,782000,117300,664700,446692,218008,0.328
ORD-1109,2025-05-24,Rajshahi,Mobile,Electronics,Karim,CUST-181,Corporate,Direct Sales,Supplier C,25,0.04,203,8,4.4,33143,20773,828575,33143,795432,519325,276107,0.347
ORD-1389,2025-05-24,Chittagong,Monitor,Electronics,Nila,CUST-475,Retail,Dealer,Supplier B,37,0.11,69,6,4.1,24768,14440,916416,100806,815610,534280,281330,0.345
ORD-1382,2025-05-25,Dhaka,Desk,Furniture,Sadia,CUST-119,Retail,Email,Supplier B,21,0.12,157,12,4.9,22744,13001,477624,57315,420309,273021,147288,0.35
ORD-1468,2025-05-27,Dhaka,Mobile,Electronics,Tania,CUST-656,Retail,Email,Supplier D,27,0.1,242,6,4.1,58129,33095,1569483,156948,1412535,893565,518970,0.367
ORD-1383,2025-05-27,Dhaka,Laptop,Electronics,Karim,CUST-551,Retail,Email,Supplier B,21,0.14,40,11,3.3,132399,103966,2780379,389253,2391126,2183286,207840,0.087
ORD-1297,2025-05-29,Khulna,Desk,Furniture,Karim,CUST-815,Retail,Direct Sales,Supplier B,21,0.01,154,12,4.6,26013,19159,546273,5463,540810,402339,138471,0.256
ORD-1160,2025-05-29,Rajshahi,Printer,Office Equipment,Sadia,CUST-904,Retail,Online,Supplier A,5,0.07,160,12,3.8,43133,27250,215665,15097,200568,136250,64318,0.321
ORD-1033,2025-05-29,Sylhet,Office Chair,Furniture,Karim,CUST-337,Retail,Direct Sales,Supplier A,26,0.19,124,5,3.8,8500,4983,221000,41990,179010,129558,49452,0.276
ORD-1497,2025-05-30,Chittagong,Laptop,Electronics,Nila,CUST-765,Retail,Email,Supplier A,26,0.02,51,6,2.9,140167,105319,3644342,72887,3571455,2738294,833161,0.233
ORD-1246,2025-05-31,Sylhet,Desk,Furniture,Rahim,CUST-130,Corporate,Facebook,Supplier C,37,0.02,265,10,3.2,10941,8027,404817,8096,396721,296999,99722,0.251
ORD-1259,2025-05-31,Chittagong,Desk,Furniture,Sadia,CUST-402,Corporate,Email,Supplier D,22,0.15,226,4,4.1,8138,4532,179036,26855,152181,99704,52477,0.345
ORD-1394,2025-06-01,Chittagong,Tablet,Electronics,Nila,CUST-494,Retail,Direct Sales,Supplier A,35,0.08,130,11,2.7,49102,33009,1718570,137486,1581084,1155315,425769,0.269
ORD-1390,2025-06-01,Khulna,Laptop,Electronics,Rahim,CUST-885,Retail,Direct Sales,Supplier C,27,0.07,122,6,3.5,118469,80608,3198663,223906,2974757,2176416,798341,0.268
ORD-1496,2025-06-01,Dhaka,Printer,Office Equipment,Sadia,CUST-739,Retail,Facebook,Supplier B,30,0.19,179,9,4.0,42213,29991,1266390,240614,1025776,899730,126046,0.123
ORD-1225,2025-06-02,Khulna,Printer,Office Equipment,Tania,CUST-860,Wholesale,Dealer,Supplier C,25,0.1,66,6,2.5,30540,19553,763500,76350,687150,488825,198325,0.289
ORD-1061,2025-06-02,Khulna,Tablet,Electronics,Rahim,CUST-461,Corporate,Email,Supplier D,26,0.12,193,14,3.9,20608,11387,535808,64297,471511,296062,175449,0.372
ORD-1162,2025-06-03,Sylhet,Monitor,Electronics,Karim,CUST-141,Retail,Email,Supplier B,2,0.09,297,2,4.6,12717,9327,25434,2289,23145,18654,4491,0.194
ORD-1081,2025-06-03,Dhaka,Printer,Office Equipment,Sadia,CUST-202,Retail,Online,Supplier A,30,0.12,101,14,3.4,23800,14505,714000,85680,628320,435150,193170,0.307
ORD-1454,2025-06-03,Sylhet,Tablet,Electronics,Tania,CUST-706,Retail,Facebook,Supplier B,1,0.02,60,9,4.4,25057,16561,25057,501,24556,16561,7995,0.326
ORD-1122,2025-06-03,Sylhet,Mobile,Electronics,Nila,CUST-182,Corporate,Dealer,Supplier C,13,0.19,96,14,2.5,75536,56442,981968,186574,795394,733746,61648,0.078
ORD-1141,2025-06-05,Chittagong,Printer,Office Equipment,Sadia,CUST-521,Wholesale,Online,Supplier D,23,0.09,207,6,4.9,36796,22931,846308,76168,770140,527413,242727,0.315
ORD-1352,2025-06-05,Sylhet,Printer,Office Equipment,Sadia,CUST-332,Corporate,Direct Sales,Supplier C,10,0.15,115,1,3.8,28242,21360,282420,42363,240057,213600,26457,0.11
ORD-1017,2025-06-07,Sylhet,Printer,Office Equipment,Tania,CUST-257,Corporate,Online,Supplier D,38,0.16,83,11,2.7,29301,18468,1113438,178150,935288,701784,233504,0.25
ORD-1202,2025-06-07,Chittagong,Printer,Office Equipment,Tania,CUST-552,Retail,Direct Sales,Supplier A,27,0.12,52,1,4.7,41322,27436,1115694,133883,981811,740772,241039,0.246
ORD-1325,2025-06-09,Chittagong,Laptop,Electronics,Rahim,CUST-590,Retail,Dealer,Supplier C,31,0.11,286,1,5.0,117277,64878,3635587,399915,3235672,2011218,1224454,0.378
ORD-1185,2025-06-09,Dhaka,Printer,Office Equipment,Rahim,CUST-578,Retail,Online,Supplier C,3,0.14,209,11,2.9,38416,22500,115248,16135,99113,67500,31613,0.319
ORD-1172,2025-06-10,Khulna,Office Chair,Furniture,Nila,CUST-295,Wholesale,Online,Supplier C,28,0.11,177,12,3.5,14508,11207,406224,44685,361539,313796,47743,0.132
ORD-1397,2025-06-10,Sylhet,Mobile,Electronics,Rahim,CUST-782,Retail,Email,Supplier D,29,0.06,225,12,2.5,77446,57965,2245934,134756,2111178,1680985,430193,0.204
ORD-1403,2025-06-12,Sylhet,Printer,Office Equipment,Sadia,CUST-837,Retail,Direct Sales,Supplier B,2,0.07,242,6,4.5,39352,25870,78704,5509,73195,51740,21455,0.293
ORD-1232,2025-06-13,Rajshahi,Tablet,Electronics,Rahim,CUST-451,Corporate,Online,Supplier B,35,0.14,191,1,4.2,52919,39398,1852165,259303,1592862,1378930,213932,0.134
ORD-1186,2025-06-13,Chittagong,Mobile,Electronics,Rahim,CUST-803,Retail,Online,Supplier B,23,0.18,117,3,4.8,26227,18103,603221,108580,494641,416369,78272,0.158
ORD-1234,2025-06-15,Khulna,Desk,Furniture,Sadia,CUST-704,Corporate,Direct Sales,Supplier D,37,0.15,290,4,4.0,10672,6610,394864,59230,335634,244570,91064,0.271
ORD-1283,2025-06-15,Dhaka,Laptop,Electronics,Sadia,CUST-895,Corporate,Dealer,Supplier C,20,0.03,129,6,3.5,122107,71508,2442140,73264,2368876,1430160,938716,0.396
ORD-1253,2025-06-16,Dhaka,Desk,Furniture,Rahim,CUST-957,Retail,Email,Supplier C,10,0.16,272,11,3.0,20239,11715,202390,32382,170008,117150,52858,0.311
ORD-1424,2025-06-16,Dhaka,Monitor,Electronics,Tania,CUST-785,Corporate,Online,Supplier A,28,0.12,283,1,4.6,38789,23231,1086092,130331,955761,650468,305293,0.319
ORD-1396,2025-06-18,Dhaka,Printer,Office Equipment,Nila,CUST-648,Retail,Facebook,Supplier B,24,0.18,220,10,4.3,32786,22692,786864,141636,645228,544608,100620,0.156
ORD-1338,2025-06-18,Sylhet,Mobile,Electronics,Tania,CUST-966,Retail,Facebook,Supplier D,20,0.19,115,1,3.0,70769,55703,1415380,268922,1146458,1114060,32398,0.028
ORD-1482,2025-06-19,Rajshahi,Mobile,Electronics,Rahim,CUST-595,Corporate,Direct Sales,Supplier D,18,0.08,81,6,3.4,28339,16448,510102,40808,469294,296064,173230,0.369
ORD-1357,2025-06-19,Chittagong,Monitor,Electronics,Rahim,CUST-526,Retail,Direct Sales,Supplier C,8,0.09,160,4,2.6,14031,11072,112248,10102,102146,88576,13570,0.133
ORD-1194,2025-06-19,Khulna,Tablet,Electronics,Karim,CUST-958,Retail,Email,Supplier C,27,0.09,238,2,3.8,50607,38506,1366389,122975,1243414,1039662,203752,0.164
ORD-1365,2025-06-20,Sylhet,Desk,Furniture,Rahim,CUST-432,Retail,Email,Supplier C,4,0.19,250,7,3.2,20268,14716,81072,15404,65668,58864,6804,0.104
ORD-1412,2025-06-23,Dhaka,Monitor,Electronics,Nila,CUST-270,Retail,Email,Supplier B,23,0.06,85,3,3.8,35535,24541,817305,49038,768267,564443,203824,0.265
ORD-1251,2025-06-23,Khulna,Office Chair,Furniture,Tania,CUST-446,Corporate,Facebook,Supplier B,12,0.19,24,9,2.9,14028,11127,168336,31984,136352,133524,2828,0.021
ORD-1466,2025-06-24,Chittagong,Laptop,Electronics,Karim,CUST-156,Retail,Online,Supplier A,15,0.07,155,14,3.4,93456,66129,1401840,98129,1303711,991935,311776,0.239
ORD-1090,2025-06-24,Sylhet,Mobile,Electronics,Tania,CUST-871,Retail,Email,Supplier D,32,0.03,29,10,3.2,55176,32304,1765632,52969,1712663,1033728,678935,0.396
ORD-1178,2025-06-24,Khulna,Office Chair,Furniture,Rahim,CUST-273,Corporate,Facebook,Supplier A,16,0.01,140,10,4.3,13656,9228,218496,2185,216311,147648,68663,0.317
ORD-1001,2025-06-25,Dhaka,Printer,Office Equipment,Nila,CUST-548,Corporate,Facebook,Supplier C,12,0.11,106,6,4.8,30577,17092,366924,40362,326562,205104,121458,0.372
ORD-1155,2025-06-25,Sylhet,Desk,Furniture,Tania,CUST-750,Corporate,Dealer,Supplier D,17,0.04,182,14,3.9,23115,17508,392955,15718,377237,297636,79601,0.211
ORD-1428,2025-06-25,Dhaka,Printer,Office Equipment,Nila,CUST-775,Wholesale,Facebook,Supplier B,18,0.1,103,13,2.9,15211,8632,273798,27380,246418,155376,91042,0.369
ORD-1286,2025-06-26,Chittagong,Mobile,Electronics,Nila,CUST-698,Wholesale,Direct Sales,Supplier A,7,0.09,145,7,2.8,77453,51024,542171,48795,493376,357168,136208,0.276
ORD-1263,2025-06-28,Rajshahi,Mobile,Electronics,Tania,CUST-743,Retail,Facebook,Supplier C,26,0.07,89,13,2.8,79832,46345,2075632,145294,1930338,1204970,725368,0.376
ORD-1019,2025-06-29,Chittagong,Laptop,Electronics,Karim,CUST-853,Retail,Online,Supplier B,19,0.06,184,6,3.4,139483,83034,2650177,159011,2491166,1577646,913520,0.367
ORD-1136,2025-06-29,Dhaka,Desk,Furniture,Sadia,CUST-400,Corporate,Online,Supplier D,35,0.05,91,9,3.9,11083,7810,387905,19395,368510,273350,95160,0.258
ORD-1066,2025-06-29,Khulna,Monitor,Electronics,Tania,CUST-304,Retail,Facebook,Supplier D,30,0.12,263,1,4.4,34098,19041,1022940,122753,900187,571230,328957,0.365
ORD-1050,2025-06-29,Khulna,Tablet,Electronics,Nila,CUST-438,Corporate,Dealer,Supplier B,14,0.17,298,3,3.5,58795,36679,823130,139932,683198,513506,169692,0.248
ORD-1418,2025-06-30,Dhaka,Mobile,Electronics,Tania,CUST-293,Corporate,Online,Supplier D,13,0.05,61,3,3.6,36029,28492,468377,23419,444958,370396,74562,0.168
ORD-1047,2025-06-30,Chittagong,Printer,Office Equipment,Sadia,CUST-897,Wholesale,Direct Sales,Supplier C,32,0.18,265,7,4.5,34806,25330,1113792,200483,913309,810560,102749,0.113
ORD-1111,2025-06-30,Rajshahi,Monitor,Electronics,Nila,CUST-288,Wholesale,Facebook,Supplier D,25,0.04,248,3,3.2,22957,15097,573925,22957,550968,377425,173543,0.315
ORD-1210,2025-07-01,Khulna,Mobile,Electronics,Nila,CUST-655,Wholesale,Online,Supplier A,6,0.13,126,10,2.7,54495,34642,326970,42506,284464,207852,76612,0.269
ORD-1157,2025-07-01,Chittagong,Office Chair,Furniture,Sadia,CUST-252,Retail,Email,Supplier D,10,0.09,92,3,4.2,5085,3740,50850,4576,46274,37400,8874,0.192
ORD-1183,2025-07-03,Rajshahi,Laptop,Electronics,Rahim,CUST-544,Retail,Dealer,Supplier B,24,0.18,226,4,2.8,124667,92373,2992008,538561,2453447,2216952,236495,0.096
ORD-1399,2025-07-03,Dhaka,Laptop,Electronics,Rahim,CUST-837,Retail,Direct Sales,Supplier B,16,0.06,122,4,3.4,89394,55136,1430304,85818,1344486,882176,462310,0.344
ORD-1490,2025-07-05,Rajshahi,Office Chair,Furniture,Karim,CUST-700,Retail,Facebook,Supplier D,7,0.09,281,14,3.7,16399,10750,114793,10331,104462,75250,29212,0.28
ORD-1393,2025-07-05,Chittagong,Tablet,Electronics,Sadia,CUST-325,Wholesale,Dealer,Supplier D,23,0.13,151,11,4.6,48115,33311,1106645,143864,962781,766153,196628,0.204
ORD-1164,2025-07-07,Sylhet,Monitor,Electronics,Karim,CUST-373,Corporate,Direct Sales,Supplier B,2,0.06,231,7,4.3,41342,31566,82684,4961,77723,63132,14591,0.188
ORD-1144,2025-07-10,Rajshahi,Laptop,Electronics,Karim,CUST-533,Retail,Online,Supplier A,30,0.08,41,5,4.3,110265,87899,3307950,264636,3043314,2636970,406344,0.134
ORD-1369,2025-07-11,Khulna,Desk,Furniture,Rahim,CUST-501,Corporate,Email,Supplier B,38,0.07,144,7,3.4,27663,16198,1051194,73584,977610,615524,362086,0.37
ORD-1216,2025-07-11,Rajshahi,Desk,Furniture,Nila,CUST-613,Retail,Email,Supplier C,14,0.02,20,9,4.3,23769,13766,332766,6655,326111,192724,133387,0.409
ORD-1091,2025-07-11,Sylhet,Office Chair,Furniture,Karim,CUST-218,Corporate,Dealer,Supplier A,32,0.18,199,1,3.2,16201,10097,518432,93318,425114,323104,102010,0.24
ORD-1392,2025-07-11,Chittagong,Printer,Office Equipment,Rahim,CUST-698,Wholesale,Online,Supplier B,27,0.06,28,6,4.4,30732,17124,829764,49786,779978,462348,317630,0.407
ORD-1013,2025-07-11,Chittagong,Printer,Office Equipment,Nila,CUST-546,Wholesale,Online,Supplier A,34,0.14,82,14,4.8,36551,28431,1242734,173983,1068751,966654,102097,0.096
ORD-1159,2025-07-12,Chittagong,Office Chair,Furniture,Sadia,CUST-615,Corporate,Online,Supplier B,4,0.06,271,1,2.8,10983,8619,43932,2636,41296,34476,6820,0.165
ORD-1486,2025-07-15,Chittagong,Mobile,Electronics,Nila,CUST-789,Corporate,Facebook,Supplier A,9,0.16,68,12,3.9,22736,14309,204624,32740,171884,128781,43103,0.251
ORD-1376,2025-07-15,Sylhet,Desk,Furniture,Nila,CUST-478,Corporate,Online,Supplier A,30,0.18,41,2,2.7,12817,9110,384510,69212,315298,273300,41998,0.133
ORD-1270,2025-07-17,Chittagong,Laptop,Electronics,Sadia,CUST-881,Corporate,Online,Supplier A,22,0.12,228,13,4.3,71904,48043,1581888,189827,1392061,1056946,335115,0.241
ORD-1374,2025-07-17,Sylhet,Mobile,Electronics,Karim,CUST-476,Corporate,Email,Supplier A,33,0.05,146,14,4.5,47311,28626,1561263,78063,1483200,944658,538542,0.363
ORD-1014,2025-07-17,Rajshahi,Mobile,Electronics,Sadia,CUST-834,Corporate,Direct Sales,Supplier D,3,0.04,103,7,4.6,41944,29287,125832,5033,120799,87861,32938,0.273
ORD-1203,2025-07-18,Khulna,Laptop,Electronics,Nila,CUST-148,Corporate,Email,Supplier A,33,0.07,116,10,3.7,112106,80511,3699498,258965,3440533,2656863,783670,0.228
ORD-1054,2025-07-19,Chittagong,Monitor,Electronics,Tania,CUST-336,Retail,Direct Sales,Supplier D,23,0.01,57,6,3.9,12876,10186,296148,2961,293187,234278,58909,0.201
ORD-1204,2025-07-19,Rajshahi,Mobile,Electronics,Nila,CUST-712,Retail,Dealer,Supplier B,6,0.13,164,14,2.8,45845,29529,275070,35759,239311,177174,62137,0.26
ORD-1347,2025-07-19,Chittagong,Laptop,Electronics,Rahim,CUST-262,Corporate,Facebook,Supplier C,22,0.15,189,10,4.5,147205,93923,3238510,485776,2752734,2066306,686428,0.249
ORD-1287,2025-07-19,Chittagong,Monitor,Electronics,Rahim,CUST-244,Retail,Email,Supplier B,28,0.07,51,11,4.1,20525,14934,574700,40229,534471,418152,116319,0.218
ORD-1116,2025-07-21,Dhaka,Printer,Office Equipment,Karim,CUST-269,Retail,Email,Supplier D,2,0.16,133,14,3.5,15924,10369,31848,5096,26752,20738,6014,0.225
ORD-1067,2025-07-21,Dhaka,Monitor,Electronics,Karim,CUST-695,Retail,Facebook,Supplier B,13,0.17,118,12,3.5,41301,28073,536913,91275,445638,364949,80689,0.181
ORD-1018,2025-07-21,Dhaka,Mobile,Electronics,Tania,CUST-345,Retail,Online,Supplier C,15,0.18,158,6,4.5,69846,46472,1047690,188584,859106,697080,162026,0.189
ORD-1258,2025-07-22,Dhaka,Tablet,Electronics,Karim,CUST-230,Corporate,Direct Sales,Supplier C,1,0.06,92,4,4.4,39564,22415,39564,2374,37190,22415,14775,0.397
ORD-1003,2025-07-24,Khulna,Printer,Office Equipment,Karim,CUST-872,Retail,Email,Supplier A,5,0.07,149,14,2.9,36683,22469,183415,12839,170576,112345,58231,0.341
ORD-1191,2025-07-25,Rajshahi,Office Chair,Furniture,Sadia,CUST-765,Retail,Online,Supplier A,37,0.11,190,12,4.8,14053,9571,519961,57196,462765,354127,108638,0.235
ORD-1462,2025-07-25,Chittagong,Laptop,Electronics,Karim,CUST-589,Retail,Online,Supplier C,9,0.0,180,2,2.8,104288,64138,938592,0,938592,577242,361350,0.385
ORD-1053,2025-07-25,Sylhet,Laptop,Electronics,Karim,CUST-995,Wholesale,Direct Sales,Supplier B,17,0.12,205,12,4.0,75965,45412,1291405,154969,1136436,772004,364432,0.321
ORD-1131,2025-07-27,Dhaka,Tablet,Electronics,Nila,CUST-892,Wholesale,Online,Supplier C,8,0.01,223,3,4.6,32537,20533,260296,2603,257693,164264,93429,0.363
ORD-1059,2025-07-27,Dhaka,Tablet,Electronics,Nila,CUST-337,Retail,Dealer,Supplier D,24,0.18,214,2,3.9,57967,37184,1391208,250417,1140791,892416,248375,0.218
ORD-1040,2025-07-27,Khulna,Monitor,Electronics,Karim,CUST-853,Retail,Dealer,Supplier C,4,0.02,146,6,3.2,40003,29466,160012,3200,156812,117864,38948,0.248
ORD-1044,2025-07-28,Rajshahi,Printer,Office Equipment,Rahim,CUST-277,Corporate,Direct Sales,Supplier A,3,0.16,275,7,3.0,31833,22942,95499,15280,80219,68826,11393,0.142
ORD-1175,2025-07-28,Chittagong,Mobile,Electronics,Sadia,CUST-467,Retail,Facebook,Supplier B,21,0.0,234,6,3.4,52468,30736,1101828,0,1101828,645456,456372,0.414
ORD-1391,2025-07-31,Dhaka,Office Chair,Furniture,Nila,CUST-766,Retail,Direct Sales,Supplier C,10,0.19,197,7,4.5,14296,8126,142960,27162,115798,81260,34538,0.298
ORD-1310,2025-07-31,Rajshahi,Monitor,Electronics,Sadia,CUST-986,Retail,Direct Sales,Supplier A,29,0.13,80,8,3.6,18248,14078,529192,68795,460397,408262,52135,0.113
ORD-1147,2025-08-01,Khulna,Mobile,Electronics,Sadia,CUST-431,Corporate,Email,Supplier A,37,0.17,281,10,3.7,36970,26851,1367890,232541,1135349,993487,141862,0.125
ORD-1499,2025-08-01,Rajshahi,Monitor,Electronics,Rahim,CUST-779,Retail,Facebook,Supplier A,7,0.13,193,5,4.7,17164,13111,120148,15619,104529,91777,12752,0.122
ORD-1215,2025-08-02,Chittagong,Printer,Office Equipment,Tania,CUST-247,Retail,Online,Supplier C,39,0.13,141,4,2.5,31005,23842,1209195,157195,1052000,929838,122162,0.116
ORD-1119,2025-08-02,Sylhet,Printer,Office Equipment,Nila,CUST-864,Retail,Dealer,Supplier C,2,0.1,179,6,4.8,45949,30634,91898,9190,82708,61268,21440,0.259
ORD-1120,2025-08-02,Chittagong,Printer,Office Equipment,Tania,CUST-698,Retail,Facebook,Supplier B,1,0.06,125,10,4.9,21010,15179,21010,1261,19749,15179,4570,0.231
ORD-1156,2025-08-03,Chittagong,Printer,Office Equipment,Karim,CUST-113,Retail,Email,Supplier D,36,0.15,96,1,4.6,49678,32011,1788408,268261,1520147,1152396,367751,0.242
ORD-1130,2025-08-03,Dhaka,Printer,Office Equipment,Tania,CUST-169,Corporate,Online,Supplier D,20,0.08,43,9,4.6,18015,11982,360300,28824,331476,239640,91836,0.277
ORD-1491,2025-08-03,Rajshahi,Monitor,Electronics,Nila,CUST-974,Corporate,Direct Sales,Supplier A,2,0.02,257,6,4.0,36514,26216,73028,1461,71567,52432,19135,0.267
ORD-1388,2025-08-03,Dhaka,Tablet,Electronics,Nila,CUST-319,Retail,Dealer,Supplier D,38,0.05,261,2,3.9,41352,32305,1571376,78569,1492807,1227590,265217,0.178
ORD-1319,2025-08-04,Dhaka,Printer,Office Equipment,Nila,CUST-590,Retail,Email,Supplier A,37,0.12,160,4,3.4,21242,16432,785954,94314,691640,607984,83656,0.121
ORD-1206,2025-08-06,Khulna,Mobile,Electronics,Sadia,CUST-281,Corporate,Facebook,Supplier C,19,0.07,280,4,3.6,62431,39691,1186189,83033,1103156,754129,349027,0.316
ORD-1433,2025-08-06,Sylhet,Office Chair,Furniture,Tania,CUST-894,Wholesale,Facebook,Supplier C,4,0.16,66,1,3.3,16527,12738,66108,10577,55531,50952,4579,0.082
ORD-1407,2025-08-06,Rajshahi,Office Chair,Furniture,Karim,CUST-233,Retail,Direct Sales,Supplier D,3,0.12,96,4,4.6,5837,3884,17511,2101,15410,11652,3758,0.244
ORD-1015,2025-08-07,Rajshahi,Laptop,Electronics,Karim,CUST-429,Retail,Direct Sales,Supplier B,25,0.0,101,10,4.9,102029,68888,2550725,0,2550725,1722200,828525,0.325
ORD-1476,2025-08-08,Dhaka,Laptop,Electronics,Nila,CUST-324,Corporate,Email,Supplier A,21,0.03,166,5,3.7,103053,63329,2164113,64923,2099190,1329909,769281,0.366
ORD-1485,2025-08-08,Rajshahi,Laptop,Electronics,Rahim,CUST-479,Retail,Facebook,Supplier A,34,0.18,67,4,2.6,147306,113213,5008404,901513,4106891,3849242,257649,0.063
ORD-1477,2025-08-08,Dhaka,Office Chair,Furniture,Nila,CUST-381,Wholesale,Online,Supplier A,33,0.0,251,9,4.9,16671,12602,550143,0,550143,415866,134277,0.244
ORD-1273,2025-08-09,Rajshahi,Tablet,Electronics,Sadia,CUST-498,Retail,Email,Supplier D,18,0.15,23,5,3.2,58545,35278,1053810,158072,895738,635004,260734,0.291
ORD-1004,2025-08-12,Khulna,Tablet,Electronics,Sadia,CUST-207,Retail,Dealer,Supplier C,5,0.06,255,6,3.5,22624,13037,113120,6787,106333,65185,41148,0.387
ORD-1398,2025-08-12,Sylhet,Laptop,Electronics,Rahim,CUST-889,Corporate,Facebook,Supplier D,35,0.0,254,8,4.0,111166,79939,3890810,0,3890810,2797865,1092945,0.281
ORD-1445,2025-08-13,Rajshahi,Laptop,Electronics,Tania,CUST-294,Wholesale,Facebook,Supplier A,25,0.02,220,10,4.9,97046,58061,2426150,48523,2377627,1451525,926102,0.39
ORD-1071,2025-08-14,Khulna,Office Chair,Furniture,Karim,CUST-778,Retail,Email,Supplier D,25,0.04,182,3,3.4,14314,11105,357850,14314,343536,277625,65911,0.192
ORD-1439,2025-08-16,Khulna,Printer,Office Equipment,Karim,CUST-401,Retail,Dealer,Supplier A,2,0.1,36,13,2.6,12194,9091,24388,2439,21949,18182,3767,0.172
ORD-1453,2025-08-16,Rajshahi,Laptop,Electronics,Sadia,CUST-717,Retail,Dealer,Supplier B,35,0.09,28,6,2.9,101513,75278,3552955,319766,3233189,2634730,598459,0.185
ORD-1329,2025-08-16,Dhaka,Printer,Office Equipment,Tania,CUST-622,Retail,Direct Sales,Supplier A,3,0.15,34,6,4.5,48142,38193,144426,21664,122762,114579,8183,0.067
ORD-1335,2025-08-16,Chittagong,Office Chair,Furniture,Tania,CUST-469,Retail,Dealer,Supplier A,35,0.12,155,6,2.9,10762,6893,376670,45200,331470,241255,90215,0.272
ORD-1134,2025-08-17,Sylhet,Monitor,Electronics,Tania,CUST-298,Wholesale,Dealer,Supplier D,5,0.0,269,10,3.1,13700,9302,68500,0,68500,46510,21990,0.321
ORD-1171,2025-08-17,Sylhet,Office Chair,Furniture,Karim,CUST-425,Corporate,Email,Supplier D,35,0.12,231,11,3.1,8994,6009,314790,37775,277015,210315,66700,0.241
ORD-1255,2025-08-19,Khulna,Laptop,Electronics,Sadia,CUST-777,Retail,Facebook,Supplier C,7,0.02,199,8,4.1,80863,56737,566041,11321,554720,397159,157561,0.284
ORD-1101,2025-08-20,Khulna,Monitor,Electronics,Rahim,CUST-787,Wholesale,Online,Supplier D,2,0.07,35,10,5.0,31910,18476,63820,4467,59353,36952,22401,0.377
ORD-1016,2025-08-20,Rajshahi,Mobile,Electronics,Tania,CUST-940,Retail,Direct Sales,Supplier D,1,0.17,276,4,4.8,46288,30828,46288,7869,38419,30828,7591,0.198
ORD-1115,2025-08-20,Sylhet,Laptop,Electronics,Rahim,CUST-173,Retail,Facebook,Supplier A,24,0.13,109,12,2.7,110003,86352,2640072,343209,2296863,2072448,224415,0.098
ORD-1457,2025-08-20,Dhaka,Desk,Furniture,Rahim,CUST-120,Corporate,Direct Sales,Supplier D,21,0.12,127,11,3.9,25467,19526,534807,64177,470630,410046,60584,0.129
ORD-1230,2025-08-20,Chittagong,Laptop,Electronics,Rahim,CUST-191,Retail,Direct Sales,Supplier C,38,0.03,132,12,3.1,89847,56637,3414186,102426,3311760,2152206,1159554,0.35
ORD-1423,2025-08-20,Sylhet,Mobile,Electronics,Rahim,CUST-315,Retail,Direct Sales,Supplier D,9,0.01,127,13,2.9,43946,28608,395514,3955,391559,257472,134087,0.342
ORD-1247,2025-08-21,Dhaka,Monitor,Electronics,Karim,CUST-105,Retail,Online,Supplier A,17,0.07,297,10,4.2,25339,16088,430763,30153,400610,273496,127114,0.317
ORD-1008,2025-08-22,Chittagong,Mobile,Electronics,Karim,CUST-293,Corporate,Email,Supplier B,15,0.15,118,9,3.1,18189,12332,272835,40925,231910,184980,46930,0.202
ORD-1222,2025-08-22,Chittagong,Printer,Office Equipment,Nila,CUST-994,Corporate,Email,Supplier A,6,0.16,102,14,3.7,38230,30024,229380,36701,192679,180144,12535,0.065
ORD-1025,2025-08-22,Khulna,Desk,Furniture,Rahim,CUST-515,Corporate,Facebook,Supplier D,3,0.2,118,2,3.8,23237,14118,69711,13942,55769,42354,13415,0.241
ORD-1027,2025-08-23,Chittagong,Laptop,Electronics,Tania,CUST-765,Retail,Direct Sales,Supplier A,5,0.09,221,1,3.6,80245,58599,401225,36110,365115,292995,72120,0.198
ORD-1093,2025-08-23,Chittagong,Mobile,Electronics,Tania,CUST-854,Retail,Facebook,Supplier B,13,0.03,158,12,3.1,45979,35817,597727,17932,579795,465621,114174,0.197
ORD-1110,2025-08-23,Sylhet,Tablet,Electronics,Sadia,CUST-960,Retail,Email,Supplier C,17,0.16,249,1,4.7,24037,17100,408629,65381,343248,290700,52548,0.153
ORD-1348,2025-08-25,Sylhet,Office Chair,Furniture,Sadia,CUST-113,Retail,Online,Supplier C,27,0.08,230,3,3.9,5912,3291,159624,12770,146854,88857,57997,0.395
ORD-1281,2025-08-26,Khulna,Desk,Furniture,Sadia,CUST-570,Retail,Email,Supplier C,28,0.19,270,6,2.9,28060,22295,785680,149279,636401,624260,12141,0.019
ORD-1299,2025-08-27,Dhaka,Laptop,Electronics,Karim,CUST-778,Retail,Dealer,Supplier C,21,0.1,220,5,4.6,77811,60890,1634031,163403,1470628,1278690,191938,0.131
ORD-1220,2025-08-27,Dhaka,Monitor,Electronics,Karim,CUST-771,Retail,Email,Supplier D,16,0.1,101,2,4.8,21788,13271,348608,34861,313747,212336,101411,0.323
ORD-1036,2025-08-27,Dhaka,Laptop,Electronics,Sadia,CUST-555,Retail,Direct Sales,Supplier A,10,0.0,177,8,4.9,121019,79873,1210190,0,1210190,798730,411460,0.34
ORD-1218,2025-08-27,Chittagong,Monitor,Electronics,Tania,CUST-693,Retail,Facebook,Supplier D,37,0.02,213,11,4.3,40194,26023,1487178,29744,1457434,962851,494583,0.339
ORD-1438,2025-08-28,Rajshahi,Laptop,Electronics,Tania,CUST-998,Corporate,Online,Supplier A,23,0.18,229,13,3.1,78379,59284,1802717,324489,1478228,1363532,114696,0.078
ORD-1405,2025-08-28,Sylhet,Printer,Office Equipment,Rahim,CUST-899,Retail,Email,Supplier C,4,0.18,155,2,4.5,41176,28175,164704,29647,135057,112700,22357,0.166
ORD-1294,2025-08-29,Dhaka,Tablet,Electronics,Rahim,CUST-212,Corporate,Dealer,Supplier D,25,0.07,238,4,3.1,34191,18992,854775,59834,794941,474800,320141,0.403
ORD-1271,2025-08-29,Sylhet,Monitor,Electronics,Karim,CUST-408,Wholesale,Direct Sales,Supplier D,18,0.0,289,2,4.8,26244,16422,472392,0,472392,295596,176796,0.374
ORD-1467,2025-08-30,Rajshahi,Monitor,Electronics,Tania,CUST-675,Retail,Direct Sales,Supplier B,18,0.15,65,10,4.6,38717,29680,696906,104536,592370,534240,58130,0.098
ORD-1285,2025-08-30,Dhaka,Laptop,Electronics,Nila,CUST-418,Retail,Email,Supplier C,9,0.15,292,9,3.0,144922,109200,1304298,195645,1108653,982800,125853,0.114
ORD-1252,2025-08-30,Khulna,Office Chair,Furniture,Sadia,CUST-114,Corporate,Online,Supplier B,17,0.07,98,9,3.7,18075,13791,307275,21509,285766,234447,51319,0.18
ORD-1142,2025-08-31,Dhaka,Printer,Office Equipment,Nila,CUST-408,Retail,Facebook,Supplier B,22,0.07,63,6,4.0,36008,21485,792176,55452,736724,472670,264054,0.358
ORD-1320,2025-08-31,Sylhet,Office Chair,Furniture,Nila,CUST-522,Wholesale,Dealer,Supplier B,5,0.12,259,9,3.9,7512,5519,37560,4507,33053,27595,5458,0.165
ORD-1022,2025-09-01,Dhaka,Mobile,Electronics,Nila,CUST-226,Wholesale,Dealer,Supplier A,28,0.13,164,1,4.3,30653,17242,858284,111577,746707,482776,263931,0.353
ORD-1261,2025-09-01,Khulna,Desk,Furniture,Nila,CUST-629,Retail,Online,Supplier C,37,0.06,21,8,3.4,10402,7849,384874,23092,361782,290413,71369,0.197
ORD-1124,2025-09-03,Dhaka,Office Chair,Furniture,Tania,CUST-160,Retail,Email,Supplier B,23,0.19,240,7,4.2,19253,14608,442819,84136,358683,335984,22699,0.063
ORD-1455,2025-09-04,Dhaka,Monitor,Electronics,Karim,CUST-740,Retail,Online,Supplier D,36,0.02,231,14,2.6,29438,20649,1059768,21195,1038573,743364,295209,0.284
ORD-1268,2025-09-05,Sylhet,Office Chair,Furniture,Sadia,CUST-698,Retail,Online,Supplier C,11,0.06,102,11,3.2,11581,8831,127391,7643,119748,97141,22607,0.189
ORD-1088,2025-09-06,Rajshahi,Office Chair,Furniture,Sadia,CUST-868,Retail,Email,Supplier D,2,0.13,199,9,4.1,18119,10762,36238,4711,31527,21524,10003,0.317
ORD-1378,2025-09-06,Rajshahi,Printer,Office Equipment,Sadia,CUST-759,Corporate,Email,Supplier D,13,0.01,126,1,4.5,25390,19353,330070,3301,326769,251589,75180,0.23
ORD-1201,2025-09-08,Rajshahi,Mobile,Electronics,Rahim,CUST-685,Retail,Online,Supplier B,8,0.12,159,3,3.8,46368,31964,370944,44513,326431,255712,70719,0.217
ORD-1332,2025-09-09,Rajshahi,Monitor,Electronics,Nila,CUST-833,Corporate,Dealer,Supplier A,6,0.11,205,12,3.8,16572,12939,99432,10938,88494,77634,10860,0.123
ORD-1195,2025-09-11,Sylhet,Monitor,Electronics,Karim,CUST-739,Wholesale,Dealer,Supplier C,9,0.01,94,2,4.1,28684,21023,258156,2582,255574,189207,66367,0.26
ORD-1193,2025-09-11,Chittagong,Mobile,Electronics,Nila,CUST-715,Wholesale,Online,Supplier A,25,0.2,182,2,2.6,38930,29591,973250,194650,778600,739775,38825,0.05
ORD-1182,2025-09-11,Khulna,Desk,Furniture,Tania,CUST-384,Retail,Direct Sales,Supplier A,5,0.1,239,6,3.6,23009,15353,115045,11504,103541,76765,26776,0.259
ORD-1100,2025-09-11,Chittagong,Laptop,Electronics,Tania,CUST-506,Corporate,Email,Supplier D,20,0.13,77,6,3.1,124931,70059,2498620,324821,2173799,1401180,772619,0.355
ORD-1108,2025-09-11,Khulna,Mobile,Electronics,Rahim,CUST-530,Corporate,Email,Supplier C,10,0.01,179,10,3.3,78750,50052,787500,7875,779625,500520,279105,0.358
ORD-1240,2025-09-12,Rajshahi,Mobile,Electronics,Sadia,CUST-692,Corporate,Email,Supplier B,20,0.17,280,9,3.5,76008,44520,1520160,258427,1261733,890400,371333,0.294
ORD-1125,2025-09-14,Dhaka,Printer,Office Equipment,Sadia,CUST-675,Corporate,Email,Supplier B,5,0.1,99,13,2.9,10357,6261,51785,5178,46607,31305,15302,0.328
ORD-1387,2025-09-14,Khulna,Office Chair,Furniture,Tania,CUST-132,Corporate,Email,Supplier D,12,0.11,234,1,3.4,15338,8475,184056,20246,163810,101700,62110,0.379
ORD-1221,2025-09-14,Sylhet,Printer,Office Equipment,Rahim,CUST-943,Corporate,Email,Supplier D,34,0.0,123,12,2.7,10226,6934,347684,0,347684,235756,111928,0.322
ORD-1410,2025-09-15,Rajshahi,Desk,Furniture,Karim,CUST-368,Retail,Online,Supplier B,3,0.03,191,2,4.3,23833,13889,71499,2145,69354,41667,27687,0.399
ORD-1231,2025-09-16,Chittagong,Monitor,Electronics,Rahim,CUST-287,Corporate,Facebook,Supplier B,22,0.17,94,8,3.7,12833,7809,282326,47995,234331,171798,62533,0.267
ORD-1249,2025-09-16,Rajshahi,Laptop,Electronics,Rahim,CUST-189,Retail,Dealer,Supplier C,29,0.09,231,12,4.3,80011,44209,2320319,208829,2111490,1282061,829429,0.393
ORD-1045,2025-09-16,Dhaka,Mobile,Electronics,Nila,CUST-475,Wholesale,Direct Sales,Supplier D,34,0.03,262,9,3.5,65003,46755,2210102,66303,2143799,1589670,554129,0.258
ORD-1048,2025-09-17,Chittagong,Printer,Office Equipment,Sadia,CUST-821,Wholesale,Dealer,Supplier C,26,0.16,252,10,3.9,12525,9676,325650,52104,273546,251576,21970,0.08
ORD-1096,2025-09-17,Sylhet,Office Chair,Furniture,Karim,CUST-234,Wholesale,Email,Supplier A,19,0.16,53,6,5.0,14371,8506,273049,43688,229361,161614,67747,0.295
ORD-1487,2025-09-19,Chittagong,Office Chair,Furniture,Sadia,CUST-206,Wholesale,Direct Sales,Supplier C,31,0.13,290,9,3.1,6764,4452,209684,27259,182425,138012,44413,0.243
ORD-1139,2025-09-20,Chittagong,Laptop,Electronics,Rahim,CUST-459,Wholesale,Online,Supplier B,5,0.07,202,9,4.2,76325,57892,381625,26714,354911,289460,65451,0.184
ORD-1250,2025-09-21,Sylhet,Laptop,Electronics,Tania,CUST-220,Corporate,Facebook,Supplier D,28,0.03,93,6,4.6,107672,78060,3014816,90444,2924372,2185680,738692,0.253
ORD-1043,2025-09-22,Sylhet,Office Chair,Furniture,Sadia,CUST-972,Corporate,Email,Supplier B,20,0.2,85,1,3.8,9044,5731,180880,36176,144704,114620,30084,0.208
ORD-1322,2025-09-22,Khulna,Laptop,Electronics,Sadia,CUST-841,Wholesale,Dealer,Supplier C,6,0.05,200,4,2.9,93432,56830,560592,28030,532562,340980,191582,0.36
ORD-1441,2025-09-26,Rajshahi,Monitor,Electronics,Tania,CUST-739,Wholesale,Facebook,Supplier A,30,0.16,209,2,3.5,17684,12448,530520,84883,445637,373440,72197,0.162
ORD-1456,2025-09-26,Chittagong,Printer,Office Equipment,Sadia,CUST-140,Corporate,Email,Supplier C,27,0.09,93,12,2.7,44604,27279,1204308,108388,1095920,736533,359387,0.328
ORD-1104,2025-09-26,Chittagong,Monitor,Electronics,Karim,CUST-991,Retail,Facebook,Supplier B,21,0.17,91,7,2.8,38457,21165,807597,137291,670306,444465,225841,0.337
ORD-1346,2025-09-27,Dhaka,Mobile,Electronics,Karim,CUST-466,Corporate,Direct Sales,Supplier A,39,0.03,178,4,4.2,48966,29134,1909674,57290,1852384,1136226,716158,0.387
ORD-1343,2025-09-27,Khulna,Monitor,Electronics,Sadia,CUST-606,Wholesale,Online,Supplier A,4,0.05,278,13,4.4,14471,9976,57884,2894,54990,39904,15086,0.274
ORD-1401,2025-09-28,Chittagong,Printer,Office Equipment,Sadia,CUST-719,Wholesale,Online,Supplier C,13,0.07,230,4,4.6,47084,28847,612092,42846,569246,375011,194235,0.341
ORD-1364,2025-09-30,Rajshahi,Printer,Office Equipment,Karim,CUST-446,Retail,Dealer,Supplier D,33,0.15,85,4,4.3,26482,19828,873906,131086,742820,654324,88496,0.119
ORD-1442,2025-10-01,Sylhet,Tablet,Electronics,Karim,CUST-926,Corporate,Direct Sales,Supplier D,13,0.16,49,1,4.6,50270,28968,653510,104562,548948,376584,172364,0.314
ORD-1489,2025-10-02,Rajshahi,Desk,Furniture,Tania,CUST-339,Retail,Direct Sales,Supplier A,2,0.15,193,4,4.0,27385,20667,54770,8216,46554,41334,5220,0.112
ORD-1478,2025-10-02,Dhaka,Mobile,Electronics,Rahim,CUST-971,Corporate,Facebook,Supplier C,10,0.14,69,6,3.1,44091,32080,440910,61727,379183,320800,58383,0.154
ORD-1422,2025-10-03,Sylhet,Monitor,Electronics,Sadia,CUST-198,Retail,Online,Supplier C,22,0.06,154,10,2.9,16879,10949,371338,22280,349058,240878,108180,0.31
ORD-1458,2025-10-04,Rajshahi,Printer,Office Equipment,Karim,CUST-949,Corporate,Facebook,Supplier A,11,0.03,132,11,4.1,26736,18478,294096,8823,285273,203258,82015,0.287
ORD-1129,2025-10-04,Sylhet,Desk,Furniture,Sadia,CUST-680,Wholesale,Dealer,Supplier B,26,0.17,100,13,2.8,11974,8276,311324,52925,258399,215176,43223,0.167
ORD-1189,2025-10-04,Sylhet,Laptop,Electronics,Sadia,CUST-781,Retail,Dealer,Supplier B,5,0.12,87,10,4.8,106590,75420,532950,63954,468996,377100,91896,0.196
ORD-1420,2025-10-04,Rajshahi,Printer,Office Equipment,Nila,CUST-605,Corporate,Online,Supplier A,26,0.17,263,11,3.4,39622,29569,1030172,175129,855043,768794,86249,0.101
ORD-1073,2025-10-04,Khulna,Desk,Furniture,Karim,CUST-310,Retail,Online,Supplier B,30,0.17,278,6,4.2,26109,17379,783270,133156,650114,521370,128744,0.198
ORD-1256,2025-10-05,Khulna,Office Chair,Furniture,Tania,CUST-190,Corporate,Facebook,Supplier C,19,0.13,234,3,2.7,14239,8165,270541,35170,235371,155135,80236,0.341
ORD-1368,2025-10-05,Rajshahi,Mobile,Electronics,Sadia,CUST-403,Corporate,Dealer,Supplier C,22,0.19,164,14,4.3,74113,52303,1630486,309792,1320694,1150666,170028,0.129
ORD-1126,2025-10-06,Rajshahi,Monitor,Electronics,Tania,CUST-462,Corporate,Dealer,Supplier B,4,0.08,225,7,3.6,36146,22716,144584,11567,133017,90864,42153,0.317
ORD-1020,2025-10-06,Sylhet,Printer,Office Equipment,Nila,CUST-977,Retail,Dealer,Supplier A,32,0.1,250,2,4.5,34001,24451,1088032,108803,979229,782432,196797,0.201
ORD-1330,2025-10-08,Dhaka,Printer,Office Equipment,Tania,CUST-776,Retail,Email,Supplier C,14,0.05,241,14,3.4,18712,13653,261968,13098,248870,191142,57728,0.232
ORD-1302,2025-10-09,Sylhet,Tablet,Electronics,Sadia,CUST-537,Retail,Facebook,Supplier A,21,0.04,27,2,3.0,50176,33333,1053696,42148,1011548,699993,311555,0.308
ORD-1035,2025-10-10,Dhaka,Office Chair,Furniture,Karim,CUST-486,Corporate,Facebook,Supplier A,22,0.06,74,9,4.2,17281,12837,380182,22811,357371,282414,74957,0.21
ORD-1133,2025-10-10,Khulna,Office Chair,Furniture,Karim,CUST-895,Retail,Facebook,Supplier D,9,0.15,48,4,4.0,12166,8882,109494,16424,93070,79938,13132,0.141
ORD-1238,2025-10-11,Khulna,Mobile,Electronics,Nila,CUST-892,Corporate,Direct Sales,Supplier D,8,0.15,211,7,3.9,62960,38843,503680,75552,428128,310744,117384,0.274
ORD-1177,2025-10-11,Sylhet,Laptop,Electronics,Nila,CUST-855,Wholesale,Direct Sales,Supplier D,25,0.11,176,5,2.8,83332,53545,2083300,229163,1854137,1338625,515512,0.278
ORD-1278,2025-10-12,Chittagong,Mobile,Electronics,Tania,CUST-728,Retail,Facebook,Supplier B,37,0.04,250,10,4.9,74295,52522,2748915,109957,2638958,1943314,695644,0.264
ORD-1145,2025-10-12,Dhaka,Mobile,Electronics,Tania,CUST-699,Corporate,Email,Supplier D,37,0.1,204,13,3.2,68330,53547,2528210,252821,2275389,1981239,294150,0.129
ORD-1267,2025-10-12,Chittagong,Tablet,Electronics,Nila,CUST-818,Retail,Online,Supplier D,8,0.14,263,5,3.0,25254,18374,202032,28284,173748,146992,26756,0.154
ORD-1417,2025-10-13,Sylhet,Desk,Furniture,Tania,CUST-849,Corporate,Dealer,Supplier D,36,0.06,299,5,3.1,29534,21705,1063224,63793,999431,781380,218051,0.218
ORD-1340,2025-10-14,Chittagong,Tablet,Electronics,Sadia,CUST-784,Wholesale,Online,Supplier B,30,0.13,68,8,2.5,39388,30438,1181640,153613,1028027,913140,114887,0.112
ORD-1184,2025-10-15,Sylhet,Printer,Office Equipment,Sadia,CUST-200,Corporate,Dealer,Supplier D,39,0.13,143,5,3.3,10347,6795,403533,52459,351074,265005,86069,0.245
ORD-1409,2025-10-15,Khulna,Mobile,Electronics,Nila,CUST-382,Retail,Facebook,Supplier D,10,0.05,264,12,4.4,41177,31690,411770,20588,391182,316900,74282,0.19
ORD-1430,2025-10-15,Sylhet,Printer,Office Equipment,Nila,CUST-107,Retail,Facebook,Supplier A,29,0.13,130,2,4.0,46738,25998,1355402,176202,1179200,753942,425258,0.361
ORD-1127,2025-10-16,Khulna,Printer,Office Equipment,Rahim,CUST-664,Retail,Dealer,Supplier C,3,0.12,251,8,3.0,16393,9522,49179,5901,43278,28566,14712,0.34
ORD-1291,2025-10-17,Dhaka,Printer,Office Equipment,Tania,CUST-663,Retail,Email,Supplier B,16,0.14,232,6,3.5,24818,17850,397088,55592,341496,285600,55896,0.164
ORD-1118,2025-10-17,Sylhet,Mobile,Electronics,Nila,CUST-283,Retail,Email,Supplier C,5,0.16,144,11,5.0,33740,20058,168700,26992,141708,100290,41418,0.292
ORD-1102,2025-10-18,Rajshahi,Mobile,Electronics,Nila,CUST-513,Retail,Facebook,Supplier A,21,0.05,243,8,3.3,58532,42512,1229172,61459,1167713,892752,274961,0.235
ORD-1425,2025-10-18,Dhaka,Laptop,Electronics,Tania,CUST-307,Retail,Direct Sales,Supplier B,10,0.06,20,11,4.3,78111,60437,781110,46867,734243,604370,129873,0.177
ORD-1469,2025-10-19,Dhaka,Laptop,Electronics,Nila,CUST-174,Retail,Direct Sales,Supplier A,30,0.07,78,5,4.0,103907,71237,3117210,218205,2899005,2137110,761895,0.263
ORD-1113,2025-10-20,Chittagong,Monitor,Electronics,Karim,CUST-182,Retail,Email,Supplier A,20,0.06,135,13,4.3,39733,28121,794660,47680,746980,562420,184560,0.247
ORD-1237,2025-10-21,Chittagong,Monitor,Electronics,Nila,CUST-822,Wholesale,Dealer,Supplier B,7,0.15,96,9,4.3,12503,9100,87521,13128,74393,63700,10693,0.144
ORD-1038,2025-10-23,Rajshahi,Laptop,Electronics,Nila,CUST-182,Retail,Direct Sales,Supplier B,21,0.17,270,1,4.7,85871,62363,1803291,306559,1496732,1309623,187109,0.125
ORD-1041,2025-10-23,Sylhet,Office Chair,Furniture,Karim,CUST-450,Corporate,Dealer,Supplier A,11,0.18,137,11,3.8,5622,3537,61842,11132,50710,38907,11803,0.233
ORD-1049,2025-10-23,Dhaka,Monitor,Electronics,Nila,CUST-287,Retail,Dealer,Supplier C,12,0.19,223,6,4.1,44672,25326,536064,101852,434212,303912,130300,0.3
ORD-1152,2025-10-24,Rajshahi,Monitor,Electronics,Tania,CUST-837,Retail,Online,Supplier C,30,0.1,226,10,4.8,18217,13537,546510,54651,491859,406110,85749,0.174
ORD-1107,2025-10-25,Rajshahi,Desk,Furniture,Sadia,CUST-463,Retail,Direct Sales,Supplier D,8,0.11,206,12,3.3,29844,18514,238752,26263,212489,148112,64377,0.303
ORD-1007,2025-10-25,Rajshahi,Printer,Office Equipment,Sadia,CUST-772,Retail,Direct Sales,Supplier B,29,0.17,144,13,3.0,11411,6624,330919,56256,274663,192096,82567,0.301
ORD-1010,2025-10-26,Dhaka,Tablet,Electronics,Sadia,CUST-614,Retail,Direct Sales,Supplier C,21,0.02,288,1,2.8,30717,17995,645057,12901,632156,377895,254261,0.402
ORD-1444,2025-10-26,Sylhet,Printer,Office Equipment,Rahim,CUST-102,Retail,Facebook,Supplier B,19,0.14,200,14,4.1,38690,27929,735110,102915,632195,530651,101544,0.161
ORD-1463,2025-10-26,Khulna,Desk,Furniture,Tania,CUST-355,Wholesale,Direct Sales,Supplier B,2,0.15,122,7,4.7,10511,7500,21022,3153,17869,15000,2869,0.161
ORD-1450,2025-10-26,Khulna,Monitor,Electronics,Karim,CUST-139,Wholesale,Email,Supplier A,26,0.17,80,6,4.2,42462,25140,1104012,187682,916330,653640,262690,0.287
ORD-1303,2025-10-27,Khulna,Laptop,Electronics,Nila,CUST-636,Retail,Direct Sales,Supplier B,6,0.12,153,4,2.8,112683,70697,676098,81132,594966,424182,170784,0.287
ORD-1257,2025-10-28,Khulna,Mobile,Electronics,Sadia,CUST-570,Corporate,Online,Supplier B,38,0.07,219,2,4.9,75889,54246,2883782,201865,2681917,2061348,620569,0.231
ORD-1493,2025-10-28,Chittagong,Laptop,Electronics,Sadia,CUST-722,Retail,Email,Supplier D,18,0.14,176,1,4.5,126298,71360,2273364,318271,1955093,1284480,670613,0.343
ORD-1447,2025-10-29,Khulna,Mobile,Electronics,Tania,CUST-997,Wholesale,Direct Sales,Supplier D,36,0.08,127,14,3.6,33605,18983,1209780,96782,1112998,683388,429610,0.386
ORD-1179,2025-10-29,Sylhet,Tablet,Electronics,Sadia,CUST-583,Retail,Email,Supplier C,8,0.06,294,1,4.3,39305,22197,314440,18866,295574,177576,117998,0.399
ORD-1021,2025-10-30,Khulna,Laptop,Electronics,Tania,CUST-856,Retail,Facebook,Supplier B,1,0.15,150,10,4.9,76180,45972,76180,11427,64753,45972,18781,0.29
ORD-1254,2025-11-03,Dhaka,Laptop,Electronics,Nila,CUST-426,Retail,Facebook,Supplier B,24,0.17,173,1,4.0,71295,54216,1711080,290884,1420196,1301184,119012,0.084
ORD-1205,2025-11-04,Rajshahi,Monitor,Electronics,Tania,CUST-560,Retail,Email,Supplier D,39,0.16,169,2,3.0,35490,25649,1384110,221458,1162652,1000311,162341,0.14
ORD-1451,2025-11-05,Sylhet,Mobile,Electronics,Nila,CUST-750,Retail,Dealer,Supplier D,22,0.03,41,14,3.6,17162,11556,377564,11327,366237,254232,112005,0.306
ORD-1039,2025-11-05,Sylhet,Mobile,Electronics,Nila,CUST-681,Wholesale,Facebook,Supplier C,5,0.18,258,2,4.9,29890,19819,149450,26901,122549,99095,23454,0.191
ORD-1188,2025-11-06,Rajshahi,Printer,Office Equipment,Karim,CUST-620,Corporate,Online,Supplier A,10,0.07,149,2,4.1,46210,35242,462100,32347,429753,352420,77333,0.18
ORD-1063,2025-11-06,Rajshahi,Desk,Furniture,Tania,CUST-447,Retail,Direct Sales,Supplier B,3,0.02,213,7,3.4,23363,14452,70089,1402,68687,43356,25331,0.369
ORD-1084,2025-11-08,Dhaka,Tablet,Electronics,Karim,CUST-407,Retail,Facebook,Supplier C,3,0.12,121,9,3.7,45978,26374,137934,16552,121382,79122,42260,0.348
ORD-1046,2025-11-08,Sylhet,Desk,Furniture,Sadia,CUST-556,Corporate,Online,Supplier C,30,0.11,61,1,2.7,8807,5760,264210,29063,235147,172800,62347,0.265
ORD-1051,2025-11-08,Dhaka,Mobile,Electronics,Rahim,CUST-881,Retail,Dealer,Supplier B,9,0.2,142,11,2.7,25455,14758,229095,45819,183276,132822,50454,0.275
ORD-1431,2025-11-10,Dhaka,Desk,Furniture,Karim,CUST-254,Retail,Direct Sales,Supplier C,27,0.15,139,5,2.8,22917,16563,618759,92814,525945,447201,78744,0.15
ORD-1488,2025-11-12,Dhaka,Mobile,Electronics,Karim,CUST-372,Corporate,Online,Supplier D,32,0.0,258,4,4.6,52254,32722,1672128,0,1672128,1047104,625024,0.374
ORD-1211,2025-11-12,Sylhet,Tablet,Electronics,Rahim,CUST-838,Retail,Email,Supplier D,28,0.03,84,1,3.7,37102,27245,1038856,31166,1007690,762860,244830,0.243
ORD-1440,2025-11-12,Dhaka,Tablet,Electronics,Karim,CUST-361,Retail,Direct Sales,Supplier B,3,0.03,69,9,2.6,49274,36942,147822,4435,143387,110826,32561,0.227
ORD-1475,2025-11-14,Dhaka,Office Chair,Furniture,Rahim,CUST-175,Corporate,Email,Supplier C,18,0.15,31,7,4.5,18420,14342,331560,49734,281826,258156,23670,0.084
ORD-1402,2025-11-17,Sylhet,Desk,Furniture,Sadia,CUST-450,Corporate,Facebook,Supplier D,26,0.13,142,3,3.1,27257,18674,708682,92129,616553,485524,131029,0.213
ORD-1052,2025-11-17,Rajshahi,Office Chair,Furniture,Sadia,CUST-933,Corporate,Online,Supplier B,30,0.1,258,3,3.4,13097,7788,392910,39291,353619,233640,119979,0.339
ORD-1358,2025-11-19,Chittagong,Mobile,Electronics,Karim,CUST-378,Corporate,Email,Supplier A,35,0.04,241,7,4.6,34255,20225,1198925,47957,1150968,707875,443093,0.385
ORD-1328,2025-11-20,Khulna,Laptop,Electronics,Rahim,CUST-452,Retail,Direct Sales,Supplier A,3,0.08,150,10,4.9,142191,106464,426573,34126,392447,319392,73055,0.186
ORD-1199,2025-11-21,Rajshahi,Monitor,Electronics,Sadia,CUST-505,Corporate,Facebook,Supplier D,22,0.14,102,1,4.0,19429,12376,427438,59841,367597,272272,95325,0.259
ORD-1434,2025-11-21,Khulna,Monitor,Electronics,Sadia,CUST-913,Retail,Email,Supplier B,37,0.18,274,3,4.7,21934,14553,811558,146080,665478,538461,127017,0.191
ORD-1360,2025-11-21,Rajshahi,Printer,Office Equipment,Rahim,CUST-612,Corporate,Online,Supplier A,8,0.12,30,11,4.0,28793,21191,230344,27641,202703,169528,33175,0.164
ORD-1495,2025-11-22,Dhaka,Office Chair,Furniture,Nila,CUST-264,Corporate,Dealer,Supplier B,39,0.06,135,1,4.6,19073,13107,743847,44631,699216,511173,188043,0.269
ORD-1233,2025-11-22,Dhaka,Monitor,Electronics,Nila,CUST-496,Wholesale,Online,Supplier A,12,0.05,173,7,2.8,38097,30376,457164,22858,434306,364512,69794,0.161
ORD-1187,2025-11-22,Rajshahi,Printer,Office Equipment,Rahim,CUST-655,Retail,Facebook,Supplier B,30,0.18,244,1,4.8,22569,13170,677070,121873,555197,395100,160097,0.288
ORD-1055,2025-11-23,Rajshahi,Tablet,Electronics,Tania,CUST-174,Corporate,Email,Supplier B,18,0.08,165,14,4.4,27635,20038,497430,39794,457636,360684,96952,0.212
ORD-1436,2025-11-24,Chittagong,Tablet,Electronics,Nila,CUST-530,Corporate,Direct Sales,Supplier C,3,0.16,145,14,3.6,32023,22522,96069,15371,80698,67566,13132,0.163
ORD-1414,2025-11-25,Sylhet,Printer,Office Equipment,Karim,CUST-574,Wholesale,Online,Supplier C,6,0.16,218,3,4.8,24469,14700,146814,23490,123324,88200,35124,0.285
ORD-1198,2025-11-26,Chittagong,Office Chair,Furniture,Sadia,CUST-152,Retail,Email,Supplier A,6,0.0,158,14,4.2,5379,3756,32274,0,32274,22536,9738,0.302
ORD-1060,2025-11-27,Dhaka,Tablet,Electronics,Nila,CUST-147,Corporate,Direct Sales,Supplier C,38,0.05,205,3,2.7,37570,29059,1427660,71383,1356277,1104242,252035,0.186
ORD-1373,2025-11-28,Rajshahi,Desk,Furniture,Karim,CUST-126,Retail,Dealer,Supplier D,4,0.01,220,4,5.0,12518,7788,50072,501,49571,31152,18419,0.372
ORD-1140,2025-11-28,Dhaka,Desk,Furniture,Nila,CUST-660,Corporate,Email,Supplier B,11,0.1,105,1,4.1,9324,6428,102564,10256,92308,70708,21600,0.234
ORD-1123,2025-11-29,Dhaka,Printer,Office Equipment,Rahim,CUST-765,Retail,Online,Supplier C,23,0.11,99,8,2.8,30508,20894,701684,77185,624499,480562,143937,0.23
ORD-1212,2025-11-29,Rajshahi,Desk,Furniture,Nila,CUST-348,Wholesale,Direct Sales,Supplier D,23,0.11,254,8,4.3,16007,10469,368161,40498,327663,240787,86876,0.265
ORD-1272,2025-11-30,Rajshahi,Monitor,Electronics,Rahim,CUST-166,Retail,Facebook,Supplier C,15,0.03,259,7,3.6,22058,13878,330870,9926,320944,208170,112774,0.351
ORD-1500,2025-11-30,Chittagong,Mobile,Electronics,Karim,CUST-368,Corporate,Online,Supplier A,31,0.04,44,7,4.4,68437,38638,2121547,84862,2036685,1197778,838907,0.412
ORD-1432,2025-11-30,Chittagong,Mobile,Electronics,Nila,CUST-527,Retail,Facebook,Supplier D,11,0.16,101,9,4.2,78573,48593,864303,138288,726015,534523,191492,0.264
ORD-1260,2025-12-02,Dhaka,Mobile,Electronics,Sadia,CUST-739,Retail,Dealer,Supplier D,17,0.05,168,6,3.3,18576,13609,315792,15790,300002,231353,68649,0.229
ORD-1421,2025-12-04,Sylhet,Laptop,Electronics,Nila,CUST-793,Wholesale,Email,Supplier D,2,0.1,227,7,3.4,114450,85897,228900,22890,206010,171794,34216,0.166
ORD-1345,2025-12-04,Rajshahi,Printer,Office Equipment,Sadia,CUST-153,Retail,Online,Supplier C,25,0.16,251,5,4.6,14937,8546,373425,59748,313677,213650,100027,0.319
ORD-1207,2025-12-04,Dhaka,Laptop,Electronics,Rahim,CUST-708,Retail,Email,Supplier D,14,0.09,195,8,3.6,135431,93388,1896034,170643,1725391,1307432,417959,0.242
ORD-1385,2025-12-05,Khulna,Laptop,Electronics,Rahim,CUST-938,Corporate,Facebook,Supplier D,5,0.07,135,6,4.3,140460,88012,702300,49161,653139,440060,213079,0.326
ORD-1446,2025-12-07,Sylhet,Tablet,Electronics,Nila,CUST-632,Corporate,Facebook,Supplier D,8,0.02,288,14,4.7,56382,37722,451056,9021,442035,301776,140259,0.317
ORD-1248,2025-12-07,Rajshahi,Printer,Office Equipment,Nila,CUST-608,Retail,Email,Supplier B,28,0.01,205,12,4.9,32874,20447,920472,9205,911267,572516,338751,0.372
ORD-1097,2025-12-07,Khulna,Desk,Furniture,Rahim,CUST-847,Retail,Online,Supplier B,20,0.16,282,12,3.8,29902,21314,598040,95686,502354,426280,76074,0.151
ORD-1244,2025-12-08,Sylhet,Monitor,Electronics,Sadia,CUST-392,Corporate,Facebook,Supplier D,3,0.06,116,3,4.1,43191,31561,129573,7774,121799,94683,27116,0.223
ORD-1474,2025-12-09,Rajshahi,Laptop,Electronics,Karim,CUST-417,Wholesale,Dealer,Supplier C,29,0.07,194,13,2.6,100883,72836,2925607,204792,2720815,2112244,608571,0.224
ORD-1295,2025-12-09,Dhaka,Office Chair,Furniture,Sadia,CUST-589,Corporate,Direct Sales,Supplier A,8,0.1,162,9,3.6,11596,7512,92768,9277,83491,60096,23395,0.28
ORD-1242,2025-12-10,Sylhet,Monitor,Electronics,Sadia,CUST-855,Retail,Online,Supplier A,31,0.05,105,9,3.4,27634,19971,856654,42833,813821,619101,194720,0.239
ORD-1419,2025-12-11,Dhaka,Printer,Office Equipment,Rahim,CUST-564,Retail,Online,Supplier C,13,0.01,213,13,3.8,15552,11859,202176,2022,200154,154167,45987,0.23
ORD-1279,2025-12-11,Rajshahi,Tablet,Electronics,Sadia,CUST-800,Retail,Email,Supplier B,15,0.13,230,11,2.7,38850,29965,582750,75758,506992,449475,57517,0.113
ORD-1459,2025-12-12,Sylhet,Monitor,Electronics,Sadia,CUST-118,Corporate,Dealer,Supplier B,2,0.03,155,7,3.2,16318,12470,32636,979,31657,24940,6717,0.212
ORD-1363,2025-12-13,Sylhet,Printer,Office Equipment,Nila,CUST-146,Corporate,Direct Sales,Supplier B,6,0.14,26,10,3.9,28834,21985,173004,24221,148783,131910,16873,0.113
ORD-1026,2025-12-14,Sylhet,Office Chair,Furniture,Nila,CUST-184,Retail,Dealer,Supplier D,29,0.05,28,13,4.9,14153,10653,410437,20522,389915,308937,80978,0.208
ORD-1197,2025-12-16,Dhaka,Desk,Furniture,Nila,CUST-920,Retail,Dealer,Supplier D,38,0.02,130,9,4.9,23403,16443,889314,17786,871528,624834,246694,0.283
ORD-1470,2025-12-16,Dhaka,Tablet,Electronics,Nila,CUST-566,Retail,Email,Supplier A,8,0.08,287,11,3.3,39586,30251,316688,25335,291353,242008,49345,0.169
ORD-1213,2025-12-17,Chittagong,Tablet,Electronics,Tania,CUST-916,Corporate,Dealer,Supplier A,23,0.09,287,5,3.1,26663,15113,613249,55192,558057,347599,210458,0.377
ORD-1400,2025-12-17,Khulna,Tablet,Electronics,Rahim,CUST-260,Corporate,Online,Supplier A,23,0.1,74,12,4.7,38780,27272,891940,89194,802746,627256,175490,0.219
ORD-1324,2025-12-18,Rajshahi,Printer,Office Equipment,Sadia,CUST-824,Retail,Direct Sales,Supplier B,27,0.19,290,7,3.4,10429,8093,281583,53501,228082,218511,9571,0.042
ORD-1301,2025-12-19,Dhaka,Office Chair,Furniture,Rahim,CUST-748,Retail,Email,Supplier B,6,0.04,132,1,3.1,12258,7404,73548,2942,70606,44424,26182,0.371
ORD-1006,2025-12-19,Dhaka,Tablet,Electronics,Karim,CUST-501,Corporate,Facebook,Supplier D,30,0.08,194,5,3.2,52709,39606,1581270,126502,1454768,1188180,266588,0.183
ORD-1284,2025-12-19,Dhaka,Desk,Furniture,Karim,CUST-590,Retail,Online,Supplier D,19,0.06,120,13,4.5,29106,17879,553014,33181,519833,339701,180132,0.347
ORD-1356,2025-12-20,Rajshahi,Laptop,Electronics,Nila,CUST-957,Retail,Facebook,Supplier A,20,0.0,173,10,4.2,81224,47186,1624480,0,1624480,943720,680760,0.419
ORD-1460,2025-12-20,Rajshahi,Office Chair,Furniture,Karim,CUST-979,Retail,Facebook,Supplier A,2,0.14,60,1,4.7,15282,9358,30564,4279,26285,18716,7569,0.288
ORD-1305,2025-12-20,Rajshahi,Mobile,Electronics,Rahim,CUST-379,Wholesale,Online,Supplier D,5,0.09,30,9,3.5,41134,32571,205670,18510,187160,162855,24305,0.13
ORD-1298,2025-12-21,Khulna,Mobile,Electronics,Sadia,CUST-920,Corporate,Facebook,Supplier D,13,0.04,46,4,4.5,27980,21341,363740,14550,349190,277433,71757,0.205
ORD-1265,2025-12-21,Dhaka,Office Chair,Furniture,Rahim,CUST-888,Retail,Dealer,Supplier C,39,0.15,90,11,4.4,12107,8382,472173,70826,401347,326898,74449,0.185
ORD-1208,2025-12-22,Chittagong,Printer,Office Equipment,Rahim,CUST-328,Retail,Facebook,Supplier D,13,0.13,216,9,4.8,45172,34114,587236,76341,510895,443482,67413,0.132
ORD-1321,2025-12-22,Chittagong,Desk,Furniture,Rahim,CUST-109,Corporate,Dealer,Supplier A,27,0.18,290,9,3.3,28039,21908,757053,136270,620783,591516,29267,0.047
ORD-1138,2025-12-23,Khulna,Desk,Furniture,Rahim,CUST-116,Corporate,Direct Sales,Supplier B,36,0.18,194,12,3.6,22717,18104,817812,147206,670606,651744,18862,0.028
ORD-1012,2025-12-24,Khulna,Mobile,Electronics,Nila,CUST-257,Corporate,Facebook,Supplier C,26,0.12,97,7,2.9,15290,11259,397540,47705,349835,292734,57101,0.163
ORD-1344,2025-12-24,Khulna,Tablet,Electronics,Sadia,CUST-499,Retail,Online,Supplier C,10,0.05,23,7,3.9,57139,31854,571390,28570,542820,318540,224280,0.413
ORD-1269,2025-12-24,Sylhet,Monitor,Electronics,Rahim,CUST-316,Retail,Email,Supplier C,34,0.17,138,10,2.6,29579,23478,1005686,170967,834719,798252,36467,0.044
ORD-1293,2025-12-25,Rajshahi,Mobile,Electronics,Karim,CUST-447,Corporate,Online,Supplier C,39,0.12,244,9,4.9,29333,18199,1143987,137278,1006709,709761,296948,0.295
ORD-1483,2025-12-25,Rajshahi,Printer,Office Equipment,Sadia,CUST-228,Retail,Email,Supplier D,33,0.01,158,13,3.6,17267,11798,569811,5698,564113,389334,174779,0.31
ORD-1151,2025-12-25,Rajshahi,Mobile,Electronics,Sadia,CUST-826,Wholesale,Direct Sales,Supplier C,7,0.12,126,5,4.2,30168,22862,211176,25341,185835,160034,25801,0.139
ORD-1176,2025-12-26,Rajshahi,Laptop,Electronics,Tania,CUST-932,Retail,Online,Supplier C,21,0.04,260,12,3.1,88498,48728,1858458,74338,1784120,1023288,760832,0.426
ORD-1114,2025-12-26,Khulna,Monitor,Electronics,Rahim,CUST-940,Retail,Direct Sales,Supplier D,25,0.08,69,2,3.7,32803,24386,820075,65606,754469,609650,144819,0.192
ORD-1148,2025-12-27,Chittagong,Laptop,Electronics,Karim,CUST-499,Corporate,Facebook,Supplier D,34,0.1,53,11,3.8,97539,69168,3316326,331633,2984693,2351712,632981,0.212
ORD-1370,2025-12-27,Sylhet,Mobile,Electronics,Tania,CUST-760,Retail,Direct Sales,Supplier B,36,0.11,142,10,4.6,28245,21112,1016820,111850,904970,760032,144938,0.16
ORD-1266,2025-12-28,Khulna,Tablet,Electronics,Tania,CUST-954,Retail,Email,Supplier A,16,0.03,165,3,4.3,54294,37390,868704,26061,842643,598240,244403,0.29
ORD-1105,2025-12-29,Dhaka,Monitor,Electronics,Nila,CUST-292,Corporate,Email,Supplier D,25,0.11,204,5,4.7,42023,32360,1050575,115563,935012,809000,126012,0.135
ORD-1471,2025-12-30,Chittagong,Mobile,Electronics,Rahim,CUST-612,Retail,Online,Supplier B,19,0.14,196,8,4.8,54697,39919,1039243,145494,893749,758461,135288,0.151
ORD-1290,2025-12-30,Dhaka,Mobile,Electronics,Karim,CUST-798,Retail,Online,Supplier C,25,0.06,187,5,3.2,18508,10313,462700,27762,434938,257825,177113,0.407
ORD-1350,2025-12-31,Sylhet,Desk,Furniture,Tania,CUST-703,Retail,Direct Sales,Supplier A,25,0.18,281,1,4.9,29806,16744,745150,134127,611023,418600,192423,0.315
ORD-1161,2025-12-31,Rajshahi,Office Chair,Furniture,Sadia,CUST-350,Corporate,Online,Supplier D,23,0.02,53,6,3.9,13638,10102,313674,6273,307401,232346,75055,0.244
